algo,episode,tick,compute_type,elapsed_ms,path_points,path_length
AStar,0,0,n/a,53.6253240024962,281,286.6274169979696
AStar,0,1,n/a,22.460078998847166,281,286.6274169979696
AStar,0,2,n/a,21.788542999274796,280,285.6274169979696
AStar,0,3,n/a,19.264836999354884,279,284.6274169979696
AStar,0,4,n/a,20.14489499924821,278,283.6274169979696
AStar,0,5,n/a,20.512096001766622,277,282.6274169979696
AStar,0,6,n/a,21.98014999885345,276,281.6274169979696
AStar,0,7,n/a,21.09978400039836,275,280.6274169979696
AStar,0,8,n/a,18.394196002191165,274,279.6274169979696
AStar,0,9,n/a,21.888056999159744,273,278.6274169979696
AStar,0,10,n/a,20.879513998806942,272,277.6274169979696
AStar,0,11,n/a,21.668787998351036,271,276.6274169979696
AStar,0,12,n/a,19.62550699681742,270,275.6274169979696
AStar,0,13,n/a,19.111697001790162,269,274.62741699796953
AStar,0,14,n/a,19.902893996913917,268,273.62741699796953
AStar,0,15,n/a,20.70153399836272,267,272.62741699796953
AStar,0,16,n/a,19.268234998889966,266,271.6274169979695
AStar,0,17,n/a,20.41052300046431,265,270.6274169979695
AStar,0,18,n/a,18.64185200247448,264,269.6274169979695
AStar,0,19,n/a,19.440709002083167,263,268.6274169979695
AStar,0,20,n/a,19.161444000928896,262,267.6274169979695
AStar,0,21,n/a,20.719671996630495,261,266.6274169979695
AStar,0,22,n/a,20.732201999635436,260,265.6274169979695
AStar,0,23,n/a,19.724972000403795,259,264.6274169979695
AStar,0,24,n/a,19.930036000005202,258,263.6274169979695
AStar,0,25,n/a,20.31508299842244,257,262.6274169979695
AStar,0,26,n/a,19.064986001467332,256,261.6274169979695
AStar,0,27,n/a,20.27749000262702,255,260.6274169979695
AStar,0,28,n/a,19.017402999452315,254,259.6274169979695
AStar,0,29,n/a,19.221188998926664,253,258.6274169979695
AStar,0,30,n/a,17.51404600145179,252,257.6274169979695
AStar,0,31,n/a,19.063853000261588,251,256.6274169979695
AStar,0,32,n/a,19.70052700198721,250,255.6274169979695
AStar,0,33,n/a,16.78920999984257,249,254.6274169979695
AStar,0,34,n/a,19.69775399993523,248,253.6274169979695
AStar,0,35,n/a,17.75439999983064,247,252.6274169979695
AStar,0,36,n/a,19.048876001761528,246,251.6274169979695
AStar,0,37,n/a,17.20861599824275,245,250.6274169979695
AStar,0,38,n/a,17.642868999246275,244,249.6274169979695
AStar,0,39,n/a,17.80966200021794,243,248.6274169979695
AStar,0,40,n/a,18.501892001950182,242,247.6274169979695
AStar,0,41,n/a,16.537702998903114,241,246.6274169979695
AStar,0,42,n/a,18.718670999078313,240,245.6274169979695
AStar,0,43,n/a,18.194952001067577,239,244.6274169979695
AStar,0,44,n/a,17.549412998050684,238,243.6274169979695
AStar,0,45,n/a,18.292938999366015,237,242.6274169979695
AStar,0,46,n/a,17.071958998712944,236,241.6274169979695
AStar,0,47,n/a,18.815185998391826,235,240.6274169979695
AStar,0,48,n/a,17.474249998485902,234,239.6274169979695
AStar,0,49,n/a,19.109020999167114,233,238.6274169979695
AStar,0,50,n/a,16.105094000522513,232,237.6274169979695
AStar,0,51,n/a,16.65627699912875,231,236.6274169979695
AStar,0,52,n/a,18.688779000513023,230,235.6274169979695
AStar,0,53,n/a,19.19409999754862,229,234.6274169979695
AStar,0,54,n/a,16.468300000269664,228,233.6274169979695
AStar,0,55,n/a,18.39348700013943,227,232.6274169979695
AStar,0,56,n/a,17.604264001420233,226,231.6274169979695
AStar,0,57,n/a,17.536683000798803,225,230.6274169979695
AStar,0,58,n/a,17.316350000328384,224,229.6274169979695
AStar,0,59,n/a,17.17698799984646,223,228.6274169979695
AStar,0,60,n/a,16.211890000704443,222,227.6274169979695
AStar,0,61,n/a,15.504060997045599,221,226.6274169979695
AStar,0,62,n/a,17.199918002006598,220,225.6274169979695
AStar,0,63,n/a,16.54305500051123,219,224.6274169979695
AStar,0,64,n/a,16.685228001733776,218,223.6274169979695
AStar,0,65,n/a,17.36316000096849,217,222.6274169979695
AStar,0,66,n/a,18.20704800047679,216,221.6274169979695
AStar,0,67,n/a,15.511069002968725,215,220.6274169979695
AStar,0,68,n/a,15.854203000344569,214,219.6274169979695
AStar,0,69,n/a,15.602614999806974,213,218.6274169979695
AStar,0,70,n/a,16.037683002650738,212,217.6274169979695
AStar,0,71,n/a,15.6799559990759,211,216.6274169979695
AStar,0,72,n/a,15.823592002561782,210,215.6274169979695
AStar,0,73,n/a,15.578455000650138,209,214.6274169979695
AStar,0,74,n/a,15.553725002973806,208,213.6274169979695
AStar,0,75,n/a,16.638401000818703,207,212.6274169979695
AStar,0,76,n/a,15.773536997585325,206,211.6274169979695
AStar,0,77,n/a,16.18805599719053,205,210.6274169979695
AStar,0,78,n/a,15.958834999764804,204,209.6274169979695
AStar,0,79,n/a,17.748319001839263,203,208.62741699796953
AStar,0,80,n/a,16.00360699740122,202,207.62741699796953
AStar,0,81,n/a,16.430496998509625,201,206.6274169979695
AStar,0,82,n/a,14.233145000616787,200,205.62741699796953
AStar,0,83,n/a,15.800458000740036,199,204.62741699796953
AStar,0,84,n/a,15.294912998797372,198,203.62741699796953
AStar,0,85,n/a,16.898616999242222,197,202.62741699796953
AStar,0,86,n/a,15.851863998250337,196,201.62741699796953
AStar,0,87,n/a,17.69398100077524,195,200.62741699796953
AStar,0,88,n/a,14.299512000434333,194,199.62741699796953
AStar,0,89,n/a,14.59170399903087,193,198.62741699796953
AStar,0,90,n/a,15.80342699890025,192,197.62741699796953
AStar,0,91,n/a,15.958560001308797,191,196.62741699796953
AStar,0,92,n/a,14.462548999290448,190,195.62741699796953
AStar,0,93,n/a,13.46834599826252,189,194.62741699796953
AStar,0,94,n/a,14.915340001607547,188,193.62741699796953
AStar,0,95,n/a,14.430972001719056,187,192.62741699796953
AStar,0,96,n/a,14.966624999942724,186,191.62741699796953
AStar,0,97,n/a,14.812894001806853,185,190.62741699796953
AStar,0,98,n/a,15.650577999622328,184,189.62741699796953
AStar,0,99,n/a,13.587960002041655,183,188.62741699796953
AStar,0,100,n/a,15.053183000418358,182,187.62741699796953
AStar,0,101,n/a,14.103860001341673,181,186.62741699796953
AStar,0,102,n/a,14.110289001109777,180,185.62741699796953
AStar,0,103,n/a,14.836976999504259,179,184.62741699796953
AStar,0,104,n/a,13.202204001572682,178,183.62741699796953
AStar,0,105,n/a,14.154230997519335,177,182.62741699796953
AStar,0,106,n/a,13.695771998754935,176,181.62741699796953
AStar,0,107,n/a,14.463727999100229,175,180.6274169979695
AStar,0,108,n/a,13.724163000006229,174,179.6274169979695
AStar,0,109,n/a,14.191332000336843,173,178.6274169979695
AStar,0,110,n/a,14.383139001438394,172,177.21320343559643
AStar,0,111,n/a,12.805449001461966,172,177.21320343559643
AStar,0,112,n/a,14.457509998464957,171,175.79898987322332
AStar,0,113,n/a,12.492440997448284,170,174.38477631085024
AStar,0,114,n/a,13.583766001829645,170,174.38477631085024
AStar,0,115,n/a,14.089830001466908,169,172.97056274847714
AStar,0,116,n/a,13.248491002741503,168,171.55634918610406
AStar,0,117,n/a,13.476144999003736,168,171.55634918610406
AStar,0,118,n/a,14.562669999577338,167,170.14213562373095
AStar,0,119,n/a,13.948495001386618,166,168.72792206135784
AStar,0,120,n/a,13.375931997870794,166,168.72792206135784
AStar,0,121,n/a,12.771804998919833,165,167.31370849898477
AStar,0,122,n/a,13.311516999237938,164,166.31370849898477
AStar,0,123,n/a,13.24692399794003,163,165.31370849898477
AStar,0,124,n/a,13.400814001215622,162,164.31370849898477
AStar,0,125,n/a,13.49865299926023,161,163.31370849898477
AStar,0,126,n/a,13.408577000518562,160,162.31370849898477
AStar,0,127,n/a,14.703029999509454,159,161.31370849898477
AStar,0,128,n/a,13.243977999081835,158,160.31370849898477
AStar,0,129,n/a,13.993132000905462,157,159.31370849898477
AStar,0,130,n/a,12.94101299936301,156,158.31370849898477
AStar,0,131,n/a,12.243265999131836,155,157.31370849898477
AStar,0,132,n/a,12.716378001641715,154,156.31370849898477
AStar,0,133,n/a,14.233068999601528,153,155.31370849898477
AStar,0,134,n/a,14.54494100107695,152,154.31370849898474
AStar,0,135,n/a,13.37456600231235,151,153.31370849898474
AStar,0,136,n/a,12.0878529996844,150,152.31370849898474
AStar,0,137,n/a,13.8964460020361,149,151.31370849898474
AStar,0,138,n/a,12.051136000081897,148,149.89949493661166
AStar,0,139,n/a,12.81337099862867,148,149.89949493661166
AStar,0,140,n/a,13.140072001988301,147,148.48528137423858
AStar,0,141,n/a,10.986998000589665,146,147.07106781186548
AStar,0,142,n/a,11.242175998631865,146,147.07106781186548
AStar,0,143,n/a,11.17999500274891,145,145.65685424949237
AStar,0,144,n/a,10.53951500216499,144,144.24264068711926
AStar,0,145,n/a,11.00462999966112,144,144.24264068711926
AStar,0,146,n/a,10.862530001759296,143,142.82842712474618
AStar,0,147,n/a,10.093271001096582,142,141.82842712474618
AStar,0,148,n/a,9.843945001193788,141,140.82842712474618
AStar,0,149,n/a,13.674698999238899,140,139.82842712474618
AStar,0,150,n/a,10.296863001713064,139,138.82842712474618
AStar,0,151,n/a,9.396075001859572,138,137.82842712474618
AStar,0,152,n/a,10.218579998763744,137,136.82842712474618
AStar,0,153,n/a,9.812829001020873,136,135.82842712474618
AStar,0,154,n/a,9.539895003399579,135,134.82842712474618
AStar,0,155,n/a,10.773427999083651,134,133.82842712474618
AStar,0,156,n/a,9.581024998624343,133,132.82842712474618
AStar,0,157,n/a,9.746469000674551,132,131.82842712474618
AStar,0,158,n/a,10.131266000826145,131,130.82842712474618
AStar,0,159,n/a,9.738095999637153,130,129.82842712474618
AStar,0,160,n/a,9.74410700291628,129,128.82842712474618
AStar,0,161,n/a,10.447746000863845,128,127.82842712474618
AStar,0,162,n/a,9.140545000263955,127,126.82842712474618
AStar,0,163,n/a,9.078642000531545,126,125.82842712474618
AStar,0,164,n/a,9.50305099831894,125,124.82842712474618
AStar,0,165,n/a,10.555872002441902,124,123.82842712474618
AStar,0,166,n/a,9.643192999646999,123,122.82842712474618
AStar,0,167,n/a,9.806774000026053,122,121.82842712474618
AStar,0,168,n/a,9.682813000836177,121,120.82842712474618
AStar,0,169,n/a,11.454563998995582,120,119.82842712474618
AStar,0,170,n/a,9.4751010001346,119,118.82842712474618
AStar,0,171,n/a,9.712642000522465,118,117.82842712474618
AStar,0,172,n/a,10.104020999278873,117,116.82842712474618
AStar,0,173,n/a,8.96643300075084,116,115.82842712474618
AStar,0,174,n/a,9.156115997029701,115,114.82842712474618
AStar,0,175,n/a,10.737321001215605,114,113.82842712474618
AStar,0,176,n/a,8.772273999056779,113,112.82842712474618
AStar,0,177,n/a,9.38183099788148,112,111.82842712474618
AStar,0,178,n/a,8.377697002288187,111,110.82842712474618
AStar,0,179,n/a,9.965335997549118,110,109.82842712474618
AStar,0,180,n/a,9.308920001785737,109,108.82842712474618
AStar,0,181,n/a,9.346423001261428,108,107.82842712474618
AStar,0,182,n/a,9.791483000299195,107,106.82842712474618
AStar,0,183,n/a,8.578927001508418,106,105.82842712474618
AStar,0,184,n/a,8.986864999315003,105,104.82842712474618
AStar,0,185,n/a,8.720827001525322,104,103.82842712474618
AStar,0,186,n/a,10.074896999867633,103,102.82842712474618
AStar,0,187,n/a,9.344885998871177,102,101.82842712474618
AStar,0,188,n/a,8.348056999238906,101,100.82842712474618
AStar,0,189,n/a,8.808608999970602,100,99.82842712474618
AStar,0,190,n/a,8.713556999282446,99,98.82842712474618
AStar,0,191,n/a,9.918824998749187,98,97.82842712474618
AStar,0,192,n/a,9.062505003385013,97,96.82842712474618
AStar,0,193,n/a,11.083826997491997,96,95.82842712474618
AStar,0,194,n/a,8.73162299831165,95,94.82842712474618
AStar,0,195,n/a,8.792540000285953,94,93.82842712474618
AStar,0,196,n/a,9.668431001045974,93,92.82842712474618
AStar,0,197,n/a,9.598599001037655,92,91.82842712474618
AStar,0,198,n/a,8.868362998327939,91,90.82842712474618
AStar,0,199,n/a,8.942324999225093,90,89.82842712474618
AStar,1,0,n/a,47.75377300029504,281,282.48528137423864
AStar,1,1,n/a,13.515651000489015,281,282.48528137423864
AStar,1,2,n/a,13.616297997941729,280,281.48528137423864
AStar,1,3,n/a,13.673304001713404,279,280.48528137423864
AStar,1,4,n/a,13.706361001823097,278,279.48528137423864
AStar,1,5,n/a,14.503795002383413,277,278.48528137423864
AStar,1,6,n/a,13.238870000350289,276,277.48528137423864
AStar,1,7,n/a,14.23314599742298,275,276.48528137423864
AStar,1,8,n/a,13.996178997331299,274,275.48528137423864
AStar,1,9,n/a,14.234641999792075,273,274.48528137423864
AStar,1,10,n/a,13.669258001755225,272,273.48528137423864
AStar,1,11,n/a,13.6745570016501,271,272.48528137423864
AStar,1,12,n/a,15.194383999187266,270,271.48528137423864
AStar,1,13,n/a,12.887485001556342,269,270.48528137423864
AStar,1,14,n/a,13.830198997311527,268,269.48528137423864
AStar,1,15,n/a,13.067518000752898,267,268.48528137423864
AStar,1,16,n/a,13.32647099843598,266,267.48528137423864
AStar,1,17,n/a,13.969687999633607,265,266.48528137423864
AStar,1,18,n/a,12.992870997550199,264,265.48528137423864
AStar,1,19,n/a,13.322286002221517,263,264.48528137423864
AStar,1,20,n/a,14.583331998437643,262,263.48528137423864
AStar,1,21,n/a,13.860538998414995,261,262.48528137423864
AStar,1,22,n/a,13.668933999724686,260,261.48528137423864
AStar,1,23,n/a,12.8069400016102,259,260.48528137423864
AStar,1,24,n/a,13.655582999490434,258,259.48528137423864
AStar,1,25,n/a,13.027408000198193,257,258.48528137423864
AStar,1,26,n/a,14.680086998851039,256,257.48528137423864
AStar,1,27,n/a,12.472277998313075,255,256.48528137423864
AStar,1,28,n/a,12.922715999593493,254,255.4852813742386
AStar,1,29,n/a,14.152226001897361,253,254.4852813742386
AStar,1,30,n/a,12.709159000223735,252,253.48528137423858
AStar,1,31,n/a,13.465292002365459,251,252.48528137423858
AStar,1,32,n/a,13.075724000373157,250,251.48528137423858
AStar,1,33,n/a,13.435240001854254,249,250.48528137423858
AStar,1,34,n/a,12.903634000394959,248,249.48528137423858
AStar,1,35,n/a,15.52117200117209,247,248.48528137423858
AStar,1,36,n/a,14.898240002366947,246,247.48528137423858
AStar,1,37,n/a,12.643320002098335,245,246.48528137423858
AStar,1,38,n/a,12.849594997533131,244,245.48528137423858
AStar,1,39,n/a,13.423648000753019,243,244.48528137423858
AStar,1,40,n/a,12.984622000658419,242,243.48528137423858
AStar,1,41,n/a,14.224136997654568,241,242.48528137423858
AStar,1,42,n/a,12.118194998038234,240,241.48528137423858
AStar,1,43,n/a,12.813008001103299,239,240.48528137423858
AStar,1,44,n/a,14.489596000203164,238,239.48528137423858
AStar,1,45,n/a,16.78998400166165,237,238.48528137423858
AStar,1,46,n/a,15.027564997581067,236,237.48528137423858
AStar,1,47,n/a,13.588180998340249,235,236.48528137423858
AStar,1,48,n/a,13.553738997870823,234,235.48528137423858
AStar,1,49,n/a,13.56277399827377,233,234.48528137423858
AStar,1,50,n/a,13.875828000891488,232,233.48528137423858
AStar,1,51,n/a,13.694795001356397,231,232.48528137423858
AStar,1,52,n/a,12.093419001757866,230,231.48528137423858
AStar,1,53,n/a,12.317316999542527,229,230.48528137423855
AStar,1,54,n/a,12.403859000187367,228,229.48528137423855
AStar,1,55,n/a,11.982485997577896,227,228.48528137423855
AStar,1,56,n/a,12.406462999933865,226,227.48528137423855
AStar,1,57,n/a,12.147797999205068,225,226.48528137423855
AStar,1,58,n/a,12.624440001673065,224,225.48528137423855
AStar,1,59,n/a,13.678250998054864,223,224.48528137423855
AStar,1,60,n/a,13.39418100178591,222,223.48528137423855
AStar,1,61,n/a,12.958240000443766,221,222.48528137423855
AStar,1,62,n/a,12.73173400113592,220,221.48528137423855
AStar,1,63,n/a,12.79463000173564,219,220.48528137423855
AStar,1,64,n/a,13.775647999864304,218,219.48528137423855
AStar,1,65,n/a,12.97239400082617,217,218.48528137423855
AStar,1,66,n/a,13.571875999332406,216,217.48528137423855
AStar,1,67,n/a,13.331644000572851,215,216.48528137423855
AStar,1,68,n/a,13.053245002083713,214,215.48528137423855
AStar,1,69,n/a,11.548632999620168,213,214.48528137423855
AStar,1,70,n/a,11.859403999551432,212,213.48528137423855
AStar,1,71,n/a,13.120201001584064,211,212.48528137423855
AStar,1,72,n/a,12.490846998844063,210,211.48528137423855
AStar,1,73,n/a,11.917338000785094,209,210.48528137423855
AStar,1,74,n/a,13.567543999670306,208,209.48528137423855
AStar,1,75,n/a,10.91471499967156,207,208.48528137423855
AStar,1,76,n/a,11.673898003209615,206,207.48528137423855
AStar,1,77,n/a,12.840047002100619,205,206.48528137423855
AStar,1,78,n/a,11.82251600039308,204,205.48528137423855
AStar,1,79,n/a,11.3917919989035,203,204.48528137423855
AStar,1,80,n/a,12.594045998412184,202,203.48528137423855
AStar,1,81,n/a,12.177754000731511,201,202.48528137423855
AStar,1,82,n/a,12.358838997897692,200,201.48528137423855
AStar,1,83,n/a,13.7784799990186,199,200.48528137423855
AStar,1,84,n/a,12.687910999375163,198,199.48528137423855
AStar,1,85,n/a,15.138028000365011,197,198.48528137423855
AStar,1,86,n/a,12.015809999866178,196,197.48528137423855
AStar,1,87,n/a,13.507416002539685,195,196.48528137423855
AStar,1,88,n/a,11.653687000944046,194,195.48528137423855
AStar,1,89,n/a,12.09304400254041,193,194.48528137423855
AStar,1,90,n/a,12.768518001394114,192,193.48528137423855
AStar,1,91,n/a,11.384768000425538,191,192.48528137423855
AStar,1,92,n/a,11.747656997613376,190,191.48528137423855
AStar,1,93,n/a,12.180662000901066,189,190.48528137423855
AStar,1,94,n/a,10.890464000112843,188,189.48528137423855
AStar,1,95,n/a,11.607011998421513,187,188.48528137423855
AStar,1,96,n/a,10.853016003238736,186,187.48528137423855
AStar,1,97,n/a,12.549101997137768,185,186.48528137423855
AStar,1,98,n/a,12.33775899891043,184,185.48528137423855
AStar,1,99,n/a,11.990686998615274,183,184.48528137423855
AStar,1,100,n/a,11.60431999960565,182,183.48528137423855
AStar,1,101,n/a,13.31143700008397,181,182.48528137423855
AStar,1,102,n/a,10.97761499840999,180,181.48528137423855
AStar,1,103,n/a,11.355837999872165,179,180.48528137423855
AStar,1,104,n/a,12.589992002176587,178,179.48528137423855
AStar,1,105,n/a,10.908678999840049,177,178.48528137423855
AStar,1,106,n/a,11.473299000499537,176,177.48528137423855
AStar,1,107,n/a,12.489154003560543,175,176.48528137423855
AStar,1,108,n/a,10.748218002845533,174,175.48528137423855
AStar,1,109,n/a,10.887280997849302,173,174.48528137423855
AStar,1,110,n/a,11.961006999626989,172,173.48528137423855
AStar,1,111,n/a,11.520437001308892,171,172.48528137423855
AStar,1,112,n/a,10.974116998113459,170,171.48528137423855
AStar,1,113,n/a,11.462346999906003,169,170.48528137423855
AStar,1,114,n/a,11.543983997398755,168,169.48528137423855
AStar,1,115,n/a,10.993099000188522,167,168.48528137423855
AStar,1,116,n/a,11.728890000085812,166,167.48528137423855
AStar,1,117,n/a,11.003286999766715,165,166.48528137423855
AStar,1,118,n/a,11.404552002204582,164,165.48528137423855
AStar,1,119,n/a,12.416232002578909,163,164.48528137423855
AStar,1,120,n/a,9.820878000027733,162,163.48528137423855
AStar,1,121,n/a,10.699860002205241,161,162.48528137423855
AStar,1,122,n/a,11.78515699939453,160,161.48528137423855
AStar,1,123,n/a,9.91735199932009,159,160.48528137423855
AStar,1,124,n/a,10.89755699649686,158,159.48528137423855
AStar,1,125,n/a,11.648063002212439,157,158.48528137423855
AStar,1,126,n/a,11.206781997316284,156,157.48528137423858
AStar,1,127,n/a,10.317086998838931,155,156.48528137423858
AStar,1,128,n/a,11.642960002063774,154,155.48528137423858
AStar,1,129,n/a,10.181336998357438,153,154.48528137423858
AStar,1,130,n/a,10.629012998833787,152,153.48528137423858
AStar,1,131,n/a,10.939406998659251,151,152.48528137423858
AStar,1,132,n/a,11.355262002325617,150,151.48528137423858
AStar,1,133,n/a,10.439519999636104,149,150.48528137423858
AStar,1,134,n/a,12.701257997832727,148,149.48528137423858
AStar,1,135,n/a,10.84755899864831,147,148.48528137423858
AStar,1,136,n/a,11.068869000155246,146,147.48528137423858
AStar,1,137,n/a,10.853463998500956,145,146.48528137423858
AStar,1,138,n/a,11.345843002345646,144,145.48528137423858
AStar,1,139,n/a,12.45394500074326,143,144.48528137423858
AStar,1,140,n/a,13.210622997576138,142,143.48528137423858
AStar,1,141,n/a,10.47172900143778,141,142.48528137423858
AStar,1,142,n/a,10.74087800225243,140,141.48528137423858
AStar,1,143,n/a,10.877733999222983,139,140.48528137423858
AStar,1,144,n/a,10.253461001411779,138,139.48528137423858
AStar,1,145,n/a,10.896692001551855,137,138.48528137423858
AStar,1,146,n/a,10.237806000077398,136,137.48528137423858
AStar,1,147,n/a,10.100733001308981,135,136.48528137423858
AStar,1,148,n/a,10.03151500117383,134,135.48528137423858
AStar,1,149,n/a,10.251970001263544,133,134.48528137423858
AStar,1,150,n/a,10.607480999169638,132,133.48528137423858
AStar,1,151,n/a,9.750495999469422,131,132.48528137423858
AStar,1,152,n/a,11.634991002210882,130,131.48528137423858
AStar,1,153,n/a,9.89942700107349,129,130.48528137423858
AStar,1,154,n/a,9.968521000701003,128,129.07106781186548
AStar,1,155,n/a,11.642255001788726,128,129.07106781186548
AStar,1,156,n/a,10.128178000741173,127,127.65685424949238
AStar,1,157,n/a,10.098361999553163,126,126.24264068711929
AStar,1,158,n/a,10.687033001886448,125,125.24264068711929
AStar,1,159,n/a,10.109761002240703,124,124.24264068711929
AStar,1,160,n/a,9.975480003049597,123,123.24264068711929
AStar,1,161,n/a,10.547032001340995,122,122.24264068711929
AStar,1,162,n/a,11.234476998652099,121,121.24264068711929
AStar,1,163,n/a,9.708821999083739,120,120.24264068711929
AStar,1,164,n/a,9.690202998172026,119,119.24264068711929
AStar,1,165,n/a,10.634834998199949,118,118.24264068711929
AStar,1,166,n/a,9.593060000042897,117,117.24264068711929
AStar,1,167,n/a,9.977028999855975,116,116.24264068711929
AStar,1,168,n/a,9.833795000304235,115,115.24264068711929
AStar,1,169,n/a,10.394985998573247,114,114.24264068711929
AStar,1,170,n/a,9.782995999557897,113,113.24264068711929
AStar,1,171,n/a,10.469120999914594,112,112.24264068711929
AStar,1,172,n/a,9.918290001223795,111,111.24264068711929
AStar,1,173,n/a,10.190152999712154,110,110.24264068711929
AStar,1,174,n/a,10.467821000929689,109,109.24264068711929
AStar,1,175,n/a,9.674151002400322,108,108.24264068711929
AStar,1,176,n/a,9.537582001939882,107,107.24264068711929
AStar,1,177,n/a,9.342656998342136,106,106.24264068711929
AStar,1,178,n/a,11.203087000467349,107,107.24264068711929
AStar,1,179,n/a,9.938439001416555,106,106.24264068711929
AStar,1,180,n/a,9.428777000721311,105,104.82842712474618
AStar,1,181,n/a,10.012599999754457,105,104.82842712474618
AStar,1,182,n/a,8.926025999244303,104,103.41421356237309
AStar,1,183,n/a,9.064308000233723,103,102.0
AStar,1,184,n/a,8.318652002344606,102,101.0
AStar,1,185,n/a,9.269228001357988,101,100.0
AStar,1,186,n/a,7.654449997062329,100,99.0
AStar,1,187,n/a,8.424936997471377,99,98.0
AStar,1,188,n/a,8.478432999254437,98,97.0
AStar,1,189,n/a,8.05029199909768,97,96.0
AStar,1,190,n/a,9.060200001840713,96,95.0
AStar,1,191,n/a,8.208325998566579,95,94.0
AStar,1,192,n/a,8.671111001604004,94,93.0
AStar,1,193,n/a,10.362944998632884,93,92.0
AStar,1,194,n/a,8.542229999875417,92,91.0
AStar,1,195,n/a,8.524043001671089,91,90.0
AStar,1,196,n/a,9.283341001719236,90,89.0
AStar,1,197,n/a,8.913416000723373,89,88.0
AStar,1,198,n/a,8.048638999753166,88,87.0
AStar,1,199,n/a,8.373797998501686,87,86.0
AStar,2,0,n/a,67.74041499738814,281,304.85281374238616
AStar,2,1,n/a,36.38412299915217,281,304.85281374238616
AStar,2,2,n/a,38.66576800282928,280,303.85281374238616
AStar,2,3,n/a,35.84946499904618,279,302.85281374238616
AStar,2,4,n/a,36.35382600259618,278,301.85281374238616
AStar,2,5,n/a,35.07429000092088,277,300.85281374238616
AStar,2,6,n/a,35.92583700083196,276,299.85281374238616
AStar,2,7,n/a,34.9432449984306,275,298.85281374238616
AStar,2,8,n/a,35.84408599999733,274,297.85281374238616
AStar,2,9,n/a,34.770193000440486,273,296.85281374238616
AStar,2,10,n/a,34.646043000975624,272,295.85281374238616
AStar,2,11,n/a,34.32840299865347,271,294.85281374238616
AStar,2,12,n/a,34.315641001740005,270,293.85281374238616
AStar,2,13,n/a,34.84394800034352,269,292.85281374238616
AStar,2,14,n/a,35.08616299950518,268,291.85281374238616
AStar,2,15,n/a,32.88945099848206,267,290.85281374238616
AStar,2,16,n/a,32.634905001032166,266,289.85281374238616
AStar,2,17,n/a,33.259556999837514,265,288.85281374238616
AStar,2,18,n/a,32.79775100236293,264,287.4386001800131
AStar,2,19,n/a,32.456443001137814,264,287.4386001800131
AStar,2,20,n/a,31.090378000953933,263,286.02438661764
AStar,2,21,n/a,31.338116998085752,262,284.6101730552669
AStar,2,22,n/a,30.482273003144655,262,284.6101730552669
AStar,2,23,n/a,30.15325200249208,261,283.1959594928938
AStar,2,24,n/a,29.19840899994597,260,281.78174593052074
AStar,2,25,n/a,29.588287998194573,260,281.78174593052074
AStar,2,26,n/a,29.93707299901871,259,280.36753236814764
AStar,2,27,n/a,29.53788800004986,258,278.95331880577453
AStar,2,28,n/a,28.69169800032978,258,278.95331880577453
AStar,2,29,n/a,29.09603199805133,257,277.5391052434014
AStar,2,30,n/a,28.685359000519384,256,276.1248916810283
AStar,2,31,n/a,27.563031999306986,256,276.1248916810283
AStar,2,32,n/a,29.48651900078403,255,274.7106781186552
AStar,2,33,n/a,27.836599001602735,254,273.2964645562821
AStar,2,34,n/a,28.65315500093857,254,273.2964645562821
AStar,2,35,n/a,28.35680100179161,253,271.882250993909
AStar,2,36,n/a,27.882479997060727,252,270.4680374315359
AStar,2,37,n/a,28.326920000836253,252,270.4680374315359
AStar,2,38,n/a,27.615775001322618,251,269.0538238691628
AStar,2,39,n/a,26.951175997965038,250,267.6396103067897
AStar,2,40,n/a,27.48677400086308,250,267.6396103067897
AStar,2,41,n/a,26.399148999189492,249,266.22539674441657
AStar,2,42,n/a,26.015613999334164,248,264.81118318204346
AStar,2,43,n/a,26.691955998103367,248,264.81118318204346
AStar,2,44,n/a,26.795677000336582,247,263.39696961967036
AStar,2,45,n/a,27.74900399890612,246,262.39696961967036
AStar,2,46,n/a,25.597964002372464,245,261.39696961967036
AStar,2,47,n/a,26.27151200067601,244,260.39696961967036
AStar,2,48,n/a,26.225213998259278,243,259.39696961967036
AStar,2,49,n/a,25.470578999374993,242,258.39696961967036
AStar,2,50,n/a,26.199538002401823,241,257.39696961967036
AStar,2,51,n/a,25.85049600020284,240,256.39696961967036
AStar,2,52,n/a,26.620871998602524,239,255.39696961967033
AStar,2,53,n/a,27.047186998970574,238,254.39696961967033
AStar,2,54,n/a,28.04675699735526,237,253.3969696196703
AStar,2,55,n/a,27.851704999193316,236,252.3969696196703
AStar,2,56,n/a,27.77259399954346,235,251.3969696196703
AStar,2,57,n/a,25.908670999342576,234,250.39696961967027
AStar,2,58,n/a,26.519703002122696,233,249.39696961967027
AStar,2,59,n/a,27.224246998230228,232,248.39696961967027
AStar,2,60,n/a,26.680013001168845,231,247.39696961967024
AStar,2,61,n/a,24.415874999249354,230,246.39696961967024
AStar,2,62,n/a,26.023762999102473,229,245.39696961967024
AStar,2,63,n/a,25.66906300125993,228,244.39696961967022
AStar,2,64,n/a,26.530940001975978,227,243.39696961967022
AStar,2,65,n/a,27.135137999721337,226,242.3969696196702
AStar,2,66,n/a,24.89578000313486,225,241.3969696196702
AStar,2,67,n/a,24.619004998385208,224,240.3969696196702
AStar,2,68,n/a,24.885083999834023,223,239.3969696196702
AStar,2,69,n/a,26.95968400075799,222,238.3969696196702
AStar,2,70,n/a,26.459785000042757,221,237.39696961967016
AStar,2,71,n/a,23.113275001378497,220,236.39696961967016
AStar,2,72,n/a,24.672190000273986,219,235.39696961967016
AStar,2,73,n/a,25.627135997638106,218,234.39696961967013
AStar,2,74,n/a,26.01915699779056,217,233.39696961967013
AStar,2,75,n/a,23.56386300016311,216,232.39696961967013
AStar,2,76,n/a,25.674406002508476,215,231.3969696196701
AStar,2,77,n/a,25.807581001572544,214,230.3969696196701
AStar,2,78,n/a,25.682026000140468,213,229.3969696196701
AStar,2,79,n/a,24.390688999119448,212,228.39696961967007
AStar,2,80,n/a,24.457481002173154,211,227.39696961967007
AStar,2,81,n/a,24.18657900125254,210,226.39696961967007
AStar,2,82,n/a,24.488466999173397,209,225.39696961967005
AStar,2,83,n/a,23.482227999920724,208,224.39696961967005
AStar,2,84,n/a,25.053067001863383,207,223.39696961967005
AStar,2,85,n/a,25.1450420000765,206,222.39696961967005
AStar,2,86,n/a,24.271832997328602,205,221.39696961967005
AStar,2,87,n/a,22.871760000271024,204,220.39696961967005
AStar,2,88,n/a,23.365813998680096,203,219.39696961967005
AStar,2,89,n/a,23.385616001178278,202,218.39696961967005
AStar,2,90,n/a,22.837040000013076,201,217.39696961967005
AStar,2,91,n/a,24.98325600026874,200,216.39696961967005
AStar,2,92,n/a,24.266680997243384,199,215.39696961967005
AStar,2,93,n/a,24.231811999925412,198,214.39696961967005
AStar,2,94,n/a,23.862935002398444,197,213.39696961967005
AStar,2,95,n/a,23.788445996615337,196,212.39696961967005
AStar,2,96,n/a,23.07440000004135,195,211.39696961967005
AStar,2,97,n/a,22.36298500065459,194,210.39696961967005
AStar,2,98,n/a,22.99645599850919,193,209.39696961967005
AStar,2,99,n/a,24.408476001553936,192,208.39696961967005
AStar,2,100,n/a,24.08089000164182,191,207.39696961967005
AStar,2,101,n/a,21.44588900046074,190,206.39696961967005
AStar,2,102,n/a,23.48190100019565,189,205.39696961967005
AStar,2,103,n/a,23.14037699761684,188,204.39696961967005
AStar,2,104,n/a,21.842340000148397,187,203.39696961967002
AStar,2,105,n/a,21.799048001412302,186,202.39696961967002
AStar,2,106,n/a,23.96522400158574,185,201.39696961967002
AStar,2,107,n/a,21.843769998667995,184,200.39696961967
AStar,2,108,n/a,23.28023699737969,183,199.39696961967
AStar,2,109,n/a,22.412938997149467,182,198.39696961967
AStar,2,110,n/a,20.294932000979315,181,197.39696961966996
AStar,2,111,n/a,22.08464200157323,180,196.39696961966996
AStar,2,112,n/a,23.349252998741576,179,195.39696961966996
AStar,2,113,n/a,22.061632000259124,178,194.39696961966993
AStar,2,114,n/a,22.56940999723156,177,193.39696961966993
AStar,2,115,n/a,22.856144998513628,176,192.39696961966993
AStar,2,116,n/a,21.59441500043613,175,191.3969696196699
AStar,2,117,n/a,21.6976430019713,174,190.3969696196699
AStar,2,118,n/a,21.23667800333351,173,189.39696961966987
AStar,2,119,n/a,19.605760000558803,172,188.39696961966987
AStar,2,120,n/a,20.137313000304857,171,187.39696961966987
AStar,2,121,n/a,20.85637200070778,170,186.39696961966987
AStar,2,122,n/a,20.01939099864103,169,185.39696961966987
AStar,2,123,n/a,20.531861002382357,168,184.39696961966987
AStar,2,124,n/a,18.624655000166968,167,183.39696961966987
AStar,2,125,n/a,18.821568999555893,166,182.39696961966987
AStar,2,126,n/a,19.833749000099488,165,181.39696961966987
AStar,2,127,n/a,17.51284399870201,164,180.39696961966987
AStar,2,128,n/a,20.03177799997502,163,179.39696961966987
AStar,2,129,n/a,18.856828999560094,162,178.39696961966987
AStar,2,130,n/a,20.516130000032717,161,177.3969696196699
AStar,2,131,n/a,17.799275003199,160,176.39696961966987
AStar,2,132,n/a,18.410202999803005,159,175.39696961966987
AStar,2,133,n/a,18.797900000208756,158,174.3969696196699
AStar,2,134,n/a,17.73957599652931,157,173.3969696196699
AStar,2,135,n/a,18.550723001681035,156,172.3969696196699
AStar,2,136,n/a,16.869220999069512,155,171.3969696196699
AStar,2,137,n/a,18.428753999614855,154,170.3969696196699
AStar,2,138,n/a,17.72186499874806,153,169.3969696196699
AStar,2,139,n/a,19.401622001169017,152,168.3969696196699
AStar,2,140,n/a,17.49197399840341,151,167.3969696196699
AStar,2,141,n/a,17.4340609992214,150,166.3969696196699
AStar,2,142,n/a,16.881006999028614,149,165.3969696196699
AStar,2,143,n/a,17.74613199813757,148,164.3969696196699
AStar,2,144,n/a,16.575559999182587,147,163.3969696196699
AStar,2,145,n/a,17.017375001159962,146,162.3969696196699
AStar,2,146,n/a,17.76709700061474,145,161.3969696196699
AStar,2,147,n/a,16.237881001870846,144,160.3969696196699
AStar,2,148,n/a,18.954495000798488,143,159.3969696196699
AStar,2,149,n/a,16.19663900055457,142,158.3969696196699
AStar,2,150,n/a,17.031682000379078,141,157.3969696196699
AStar,2,151,n/a,16.477928998938296,140,156.3969696196699
AStar,2,152,n/a,17.09130900053424,139,155.3969696196699
AStar,2,153,n/a,15.995125999324955,138,154.39696961966993
AStar,2,154,n/a,14.970471002015984,137,153.39696961966993
AStar,2,155,n/a,15.391024000564357,136,152.39696961966993
AStar,2,156,n/a,15.614773001288995,135,151.39696961966993
AStar,2,157,n/a,14.612465998652624,134,150.39696961966993
AStar,2,158,n/a,15.765334999741754,133,149.39696961966993
AStar,2,159,n/a,15.609155998390634,132,148.39696961966993
AStar,2,160,n/a,14.27764799882425,131,147.39696961966993
AStar,2,161,n/a,15.263733999745455,130,145.98275605729685
AStar,2,162,n/a,14.502756999718258,130,145.98275605729685
AStar,2,163,n/a,15.049911999085452,129,144.56854249492375
AStar,2,164,n/a,14.249927997298073,128,143.15432893255064
AStar,2,165,n/a,14.155136999761453,128,143.15432893255064
AStar,2,166,n/a,14.012731000548229,127,141.74011537017756
AStar,2,167,n/a,14.174493997415993,126,140.32590180780448
AStar,2,168,n/a,15.139107999857515,126,140.32590180780448
AStar,2,169,n/a,13.361591001739725,125,138.91168824543138
AStar,2,170,n/a,15.118004001124064,124,137.91168824543138
AStar,2,171,n/a,13.822499000525568,123,136.91168824543138
AStar,2,172,n/a,15.110233001905726,122,135.91168824543138
AStar,2,173,n/a,13.995305998832919,121,134.91168824543138
AStar,2,174,n/a,13.550518000556622,120,133.91168824543138
AStar,2,175,n/a,13.310603000718402,119,132.91168824543138
AStar,2,176,n/a,12.515953996626195,118,131.4974746830583
AStar,2,177,n/a,14.145943998300936,118,131.4974746830583
AStar,2,178,n/a,12.621718997252174,117,130.08326112068522
AStar,2,179,n/a,12.969700001121964,116,128.66904755831212
AStar,2,180,n/a,13.640559998748358,116,128.66904755831212
AStar,2,181,n/a,13.742494000325678,115,127.25483399593902
AStar,2,182,n/a,13.873939999029972,114,125.84062043356593
AStar,2,183,n/a,13.343624999833992,114,125.84062043356593
AStar,2,184,n/a,12.413224998454098,113,124.42640687119282
AStar,2,185,n/a,12.71354600248742,112,123.01219330881973
AStar,2,186,n/a,12.747449000016786,112,123.01219330881973
AStar,2,187,n/a,13.241330001619644,111,121.59797974644664
AStar,2,188,n/a,12.55400299851317,110,120.18376618407353
AStar,2,189,n/a,13.087044000712922,110,120.18376618407353
AStar,2,190,n/a,12.80620500256191,109,118.76955262170044
AStar,2,191,n/a,12.616142001206754,108,117.35533905932735
AStar,2,192,n/a,14.318050001747906,108,117.35533905932735
AStar,2,193,n/a,12.12790699719335,107,115.94112549695426
AStar,2,194,n/a,12.382928998704301,106,114.52691193458116
AStar,2,195,n/a,12.762319001922151,106,114.52691193458116
AStar,2,196,n/a,12.611787999048829,105,113.11269837220806
AStar,2,197,n/a,12.574644999403972,104,112.11269837220806
AStar,2,198,n/a,12.114201999793295,103,111.11269837220806
AStar,2,199,n/a,11.556610999832628,102,109.69848480983497
AStar,3,0,n/a,55.29269899852807,281,293.25483399593924
AStar,3,1,n/a,23.938530997838825,281,293.25483399593924
AStar,3,2,n/a,20.942563001881354,280,292.25483399593924
AStar,3,3,n/a,22.018155999830924,279,291.25483399593924
AStar,3,4,n/a,20.251804999134038,278,290.25483399593924
AStar,3,5,n/a,23.75634599957266,277,288.84062043356613
AStar,3,6,n/a,23.076967998349573,277,288.84062043356613
AStar,3,7,n/a,21.597922997898422,276,287.426406871193
AStar,3,8,n/a,20.532241000182694,275,286.01219330882
AStar,3,9,n/a,23.602836001373362,275,286.01219330882
AStar,3,10,n/a,21.58337500077323,274,284.59797974644687
AStar,3,11,n/a,22.355281002091942,273,283.18376618407376
AStar,3,12,n/a,23.5249430006661,273,283.18376618407376
AStar,3,13,n/a,21.133488000486977,272,281.76955262170065
AStar,3,14,n/a,23.076522000337718,271,280.35533905932755
AStar,3,15,n/a,22.715802002494456,271,280.35533905932755
AStar,3,16,n/a,21.13042999917525,270,278.94112549695444
AStar,3,17,n/a,21.7828439999721,269,277.52691193458134
AStar,3,18,n/a,21.6617000005499,269,277.52691193458134
AStar,3,19,n/a,21.907006001129048,268,276.1126983722083
AStar,3,20,n/a,26.0422209976241,267,274.6984848098352
AStar,3,21,n/a,22.89073900101357,267,274.6984848098352
AStar,3,22,n/a,21.214345000771573,266,273.2842712474621
AStar,3,23,n/a,21.417220999865094,265,271.870057685089
AStar,3,24,n/a,21.687649998057168,265,271.870057685089
AStar,3,25,n/a,21.75042299859342,264,270.4558441227159
AStar,3,26,n/a,23.659026002860628,263,269.0416305603428
AStar,3,27,n/a,23.773034001351334,263,269.0416305603428
AStar,3,28,n/a,21.327463000488933,262,267.6274169979697
AStar,3,29,n/a,21.329457998945145,261,266.6274169979697
AStar,3,30,n/a,25.164661998132942,260,265.6274169979697
AStar,3,31,n/a,24.54628800114733,259,264.6274169979697
AStar,3,32,n/a,23.153996000473853,258,263.6274169979697
AStar,3,33,n/a,20.42130699919653,257,262.6274169979697
AStar,3,34,n/a,23.240303999045864,256,261.6274169979697
AStar,3,35,n/a,24.00549799858709,255,260.6274169979697
AStar,3,36,n/a,18.610848997923313,254,259.6274169979697
AStar,3,37,n/a,19.07536300132051,253,258.6274169979697
AStar,3,38,n/a,19.521877002262045,252,257.6274169979697
AStar,3,39,n/a,20.08965899949544,251,256.6274169979697
AStar,3,40,n/a,19.447631999355508,250,255.6274169979697
AStar,3,41,n/a,20.02024100147537,249,254.6274169979697
AStar,3,42,n/a,24.40715099874069,248,253.6274169979697
AStar,3,43,n/a,22.029464998922776,247,252.6274169979697
AStar,3,44,n/a,18.37625299958745,246,251.6274169979697
AStar,3,45,n/a,18.784238000080222,245,250.6274169979697
AStar,3,46,n/a,18.100035998941166,244,249.6274169979697
AStar,3,47,n/a,18.47695999822463,243,248.6274169979697
AStar,3,48,n/a,19.41420499861124,242,247.6274169979697
AStar,3,49,n/a,18.30849099860643,241,246.6274169979697
AStar,3,50,n/a,18.12537300065742,240,245.6274169979697
AStar,3,51,n/a,19.564067999453982,239,244.62741699796968
AStar,3,52,n/a,22.027593997336226,238,243.62741699796968
AStar,3,53,n/a,21.993976999510778,237,242.62741699796968
AStar,3,54,n/a,19.71047400002135,236,241.62741699796965
AStar,3,55,n/a,21.017490998929134,235,240.62741699796965
AStar,3,56,n/a,20.509144000243396,234,239.62741699796965
AStar,3,57,n/a,23.602796001796378,233,238.62741699796962
AStar,3,58,n/a,19.16446199902566,232,237.62741699796962
AStar,3,59,n/a,19.258123000327032,231,236.6274169979696
AStar,3,60,n/a,20.801685997867025,230,235.6274169979696
AStar,3,61,n/a,20.8806580012606,229,234.6274169979696
AStar,3,62,n/a,18.161555999540724,228,233.6274169979696
AStar,3,63,n/a,19.065774999035057,227,232.6274169979696
AStar,3,64,n/a,18.913828000222566,226,231.6274169979696
AStar,3,65,n/a,20.697014002507785,225,230.6274169979696
AStar,3,66,n/a,18.557099003373878,224,229.6274169979696
AStar,3,67,n/a,18.537149000621866,223,228.6274169979696
AStar,3,68,n/a,19.836303999909433,222,227.6274169979696
AStar,3,69,n/a,19.350016002135817,221,226.6274169979696
AStar,3,70,n/a,19.51220299815759,220,225.6274169979696
AStar,3,71,n/a,18.130136999388924,219,224.6274169979696
AStar,3,72,n/a,20.656787000916665,218,223.6274169979696
AStar,3,73,n/a,19.709803000296233,217,222.6274169979696
AStar,3,74,n/a,17.891838997456944,216,221.6274169979696
AStar,3,75,n/a,19.518888999300543,215,220.6274169979696
AStar,3,76,n/a,17.374340997776017,214,219.6274169979696
AStar,3,77,n/a,18.529477001720807,213,218.6274169979696
AStar,3,78,n/a,17.991275002714247,212,217.6274169979696
AStar,3,79,n/a,18.829685002856422,211,216.6274169979696
AStar,3,80,n/a,18.375196999841137,210,215.6274169979696
AStar,3,81,n/a,21.020943000621628,209,214.6274169979696
AStar,3,82,n/a,17.55366200086428,208,213.6274169979696
AStar,3,83,n/a,17.844480000348995,207,212.6274169979696
AStar,3,84,n/a,18.325116998312296,206,211.6274169979696
AStar,3,85,n/a,17.244900998775847,205,210.6274169979696
AStar,3,86,n/a,17.435760997614125,204,209.6274169979696
AStar,3,87,n/a,16.848048999236198,203,208.6274169979696
AStar,3,88,n/a,18.97445900249295,202,207.6274169979696
AStar,3,89,n/a,18.05705799779389,201,206.6274169979696
AStar,3,90,n/a,18.001754997385433,200,205.6274169979696
AStar,3,91,n/a,18.09611100179609,199,204.6274169979696
AStar,3,92,n/a,18.52687300197431,198,203.6274169979696
AStar,3,93,n/a,18.975934999616584,197,202.6274169979696
AStar,3,94,n/a,16.629221998300636,196,201.6274169979696
AStar,3,95,n/a,18.176695000875043,195,200.6274169979696
AStar,3,96,n/a,16.986349000944756,194,199.6274169979696
AStar,3,97,n/a,17.802407000999665,193,198.6274169979696
AStar,3,98,n/a,16.63275900136796,192,197.6274169979696
AStar,3,99,n/a,17.88856900020619,191,196.6274169979696
AStar,3,100,n/a,16.82028599680052,190,195.6274169979696
AStar,3,101,n/a,18.07913499942515,189,194.6274169979696
AStar,3,102,n/a,16.525901002751198,188,193.6274169979696
AStar,3,103,n/a,18.31718500034185,187,192.6274169979696
AStar,3,104,n/a,16.470441998535534,186,191.6274169979696
AStar,3,105,n/a,16.62722999753896,185,190.6274169979696
AStar,3,106,n/a,15.830036001716508,184,189.6274169979696
AStar,3,107,n/a,16.177608998987125,183,188.6274169979696
AStar,3,108,n/a,16.11699300337932,182,187.6274169979696
AStar,3,109,n/a,15.699810999649344,181,186.6274169979696
AStar,3,110,n/a,15.1859309989959,180,185.6274169979696
AStar,3,111,n/a,17.006316997139947,179,184.6274169979696
AStar,3,112,n/a,15.863362001255155,178,183.6274169979696
AStar,3,113,n/a,16.904312000406208,177,182.6274169979696
AStar,3,114,n/a,17.067153999960283,176,181.6274169979696
AStar,3,115,n/a,19.188663998647826,175,180.6274169979696
AStar,3,116,n/a,15.336059001128888,174,179.6274169979696
AStar,3,117,n/a,16.5938170030131,173,178.6274169979696
AStar,3,118,n/a,14.39921099881758,172,177.6274169979696
AStar,3,119,n/a,16.592644999036565,171,176.6274169979696
AStar,3,120,n/a,15.578123999148374,170,175.6274169979696
AStar,3,121,n/a,14.19207000071765,169,174.6274169979696
AStar,3,122,n/a,14.141097999527119,168,173.6274169979696
AStar,3,123,n/a,16.721378000511322,167,172.6274169979696
AStar,3,124,n/a,14.838038001471432,166,171.6274169979696
AStar,3,125,n/a,16.875151999556692,165,170.6274169979696
AStar,3,126,n/a,14.698670998768648,164,169.6274169979696
AStar,3,127,n/a,15.102555000339635,163,168.6274169979696
AStar,3,128,n/a,16.21875900309533,162,167.6274169979696
AStar,3,129,n/a,15.34697700117249,161,166.6274169979696
AStar,3,130,n/a,15.101795001100982,160,165.6274169979696
AStar,3,131,n/a,14.89760200274759,159,164.6274169979696
AStar,3,132,n/a,16.09497200115584,158,163.6274169979696
AStar,3,133,n/a,15.538122999714687,157,162.6274169979696
AStar,3,134,n/a,15.343629002018133,156,161.6274169979696
AStar,3,135,n/a,14.699384002597071,155,160.6274169979696
AStar,3,136,n/a,15.4519360003178,154,159.6274169979696
AStar,3,137,n/a,14.102373999776319,153,158.6274169979696
AStar,3,138,n/a,13.32171000103699,152,157.6274169979696
AStar,3,139,n/a,13.748999001109041,151,156.6274169979696
AStar,3,140,n/a,14.044595998711884,150,155.6274169979696
AStar,3,141,n/a,13.649599000927992,149,154.6274169979696
AStar,3,142,n/a,13.86537000144017,148,153.6274169979696
AStar,3,143,n/a,14.927886000805302,147,152.6274169979696
AStar,3,144,n/a,13.007917998038465,146,151.6274169979696
AStar,3,145,n/a,14.501469002425438,145,150.6274169979696
AStar,3,146,n/a,13.440077000268502,144,149.6274169979696
AStar,3,147,n/a,13.636913001391804,143,148.62741699796962
AStar,3,148,n/a,14.661586999864085,142,147.62741699796962
AStar,3,149,n/a,13.981667998450575,141,146.62741699796962
AStar,3,150,n/a,14.442904001043644,140,145.62741699796962
AStar,3,151,n/a,13.500822999048978,139,144.62741699796962
AStar,3,152,n/a,13.344809001864633,138,143.62741699796962
AStar,3,153,n/a,14.308863999758614,137,142.62741699796962
AStar,3,154,n/a,13.638690001243958,136,141.62741699796962
AStar,3,155,n/a,13.272607000544667,135,140.62741699796962
AStar,3,156,n/a,13.650103999680141,134,139.62741699796962
AStar,3,157,n/a,13.346293999347836,133,138.62741699796962
AStar,3,158,n/a,12.661532000493025,132,137.6274169979696
AStar,3,159,n/a,12.794559999747435,131,136.6274169979696
AStar,3,160,n/a,13.581547998910537,130,135.6274169979696
AStar,3,161,n/a,11.640302000159863,129,134.62741699796956
AStar,3,162,n/a,12.999904000025708,128,133.62741699796956
AStar,3,163,n/a,14.22068900137674,127,132.62741699796956
AStar,3,164,n/a,11.973756998486351,126,131.62741699796953
AStar,3,165,n/a,12.73661500090384,125,130.62741699796953
AStar,3,166,n/a,12.432016999810003,124,129.62741699796953
AStar,3,167,n/a,12.150695998570882,123,128.6274169979695
AStar,3,168,n/a,12.85211399954278,122,127.6274169979695
AStar,3,169,n/a,11.798118001024704,121,126.6274169979695
AStar,3,170,n/a,13.179822999518365,120,125.6274169979695
AStar,3,171,n/a,14.197860000422224,119,124.62741699796949
AStar,3,172,n/a,11.669495001115138,118,123.62741699796949
AStar,3,173,n/a,12.82161600101972,117,122.62741699796949
AStar,3,174,n/a,12.009261998173315,116,121.62741699796949
AStar,3,175,n/a,12.635562998184469,115,120.62741699796949
AStar,3,176,n/a,12.445391999790445,114,119.62741699796949
AStar,3,177,n/a,11.330863999319263,113,118.62741699796949
AStar,3,178,n/a,12.027346998365829,112,117.2132034355964
AStar,3,179,n/a,10.867393000808079,112,117.2132034355964
AStar,3,180,n/a,11.664972000289708,111,115.7989898732233
AStar,3,181,n/a,12.66077499894891,110,114.38477631085021
AStar,3,182,n/a,10.88238000011188,110,114.38477631085021
AStar,3,183,n/a,11.079479998443276,109,112.97056274847712
AStar,3,184,n/a,12.580189999425784,108,111.55634918610401
AStar,3,185,n/a,10.943577999569243,108,111.55634918610401
AStar,3,186,n/a,11.540701001649722,107,110.14213562373092
AStar,3,187,n/a,11.768354997911956,106,108.72792206135783
AStar,3,188,n/a,12.792043999070302,105,107.72792206135783
AStar,3,189,n/a,11.53391499974532,104,106.72792206135783
AStar,3,190,n/a,12.817528997402405,103,105.72792206135783
AStar,3,191,n/a,11.382205000700196,102,104.72792206135783
AStar,3,192,n/a,11.54786599727231,101,103.72792206135783
AStar,3,193,n/a,11.130901999422349,100,102.72792206135783
AStar,3,194,n/a,11.131013001431711,99,101.72792206135783
AStar,3,195,n/a,12.17528699999093,98,100.72792206135783
AStar,3,196,n/a,12.195076000352856,97,99.72792206135783
AStar,3,197,n/a,11.392935997719178,96,98.72792206135783
AStar,3,198,n/a,12.687596998148365,95,97.72792206135783
AStar,3,199,n/a,10.437102999276249,94,96.72792206135783
AStar,4,0,n/a,40.36518700013403,281,280.8284271247462
AStar,4,1,n/a,10.895235001953552,281,280.8284271247462
AStar,4,2,n/a,12.516843002231326,280,279.8284271247462
AStar,4,3,n/a,10.956931000691839,279,278.8284271247462
AStar,4,4,n/a,11.61726899954374,278,277.8284271247462
AStar,4,5,n/a,11.550143000931712,277,276.8284271247462
AStar,4,6,n/a,10.671099997125566,276,275.8284271247462
AStar,4,7,n/a,12.45586300137802,275,274.8284271247462
AStar,4,8,n/a,11.300783000478987,274,273.8284271247462
AStar,4,9,n/a,11.134044998470927,273,272.8284271247462
AStar,4,10,n/a,13.028117002249928,272,271.8284271247462
AStar,4,11,n/a,11.524923000251874,271,270.8284271247462
AStar,4,12,n/a,11.152810999192297,270,269.8284271247462
AStar,4,13,n/a,11.090715001046192,269,268.8284271247462
AStar,4,14,n/a,10.66886899934616,268,267.8284271247462
AStar,4,15,n/a,10.790399999677902,267,266.8284271247462
AStar,4,16,n/a,11.498837000544881,266,265.8284271247462
AStar,4,17,n/a,10.62804599860101,265,264.8284271247462
AStar,4,18,n/a,10.586170999886235,264,263.8284271247462
AStar,4,19,n/a,10.496547001821455,263,262.8284271247462
AStar,4,20,n/a,11.558583999430994,262,261.8284271247462
AStar,4,21,n/a,11.133472002256894,261,260.8284271247462
AStar,4,22,n/a,12.399136998283211,260,259.8284271247462
AStar,4,23,n/a,11.104979002993787,259,258.8284271247462
AStar,4,24,n/a,10.666680998838274,258,257.8284271247462
AStar,4,25,n/a,11.385104000510182,257,256.8284271247462
AStar,4,26,n/a,10.239600000204518,256,255.82842712474618
AStar,4,27,n/a,10.522320000745822,255,254.82842712474618
AStar,4,28,n/a,11.452648999693338,254,253.82842712474618
AStar,4,29,n/a,10.996427001373377,253,252.82842712474618
AStar,4,30,n/a,11.021125999832293,252,251.82842712474618
AStar,4,31,n/a,10.919694999756757,251,250.82842712474618
AStar,4,32,n/a,10.030036999523873,250,249.82842712474618
AStar,4,33,n/a,10.657631999492878,249,248.82842712474618
AStar,4,34,n/a,12.934398000652436,248,247.82842712474618
AStar,4,35,n/a,11.371970998879988,247,246.82842712474618
AStar,4,36,n/a,10.423965999507345,246,245.4142135623731
AStar,4,37,n/a,11.317200001940364,245,244.4142135623731
AStar,4,38,n/a,10.550783001235686,244,243.4142135623731
AStar,4,39,n/a,10.695745000703027,243,242.4142135623731
AStar,4,40,n/a,11.877713997819228,242,241.4142135623731
AStar,4,41,n/a,11.116271998616867,241,240.4142135623731
AStar,4,42,n/a,10.95475600232021,240,239.4142135623731
AStar,4,43,n/a,10.828750000655418,239,238.4142135623731
AStar,4,44,n/a,10.442293998494279,238,237.4142135623731
AStar,4,45,n/a,10.319990997231798,237,236.4142135623731
AStar,4,46,n/a,10.982138999679592,236,235.4142135623731
AStar,4,47,n/a,10.412764000648167,235,234.4142135623731
AStar,4,48,n/a,10.536621997744078,234,233.4142135623731
AStar,4,49,n/a,11.727769000572152,233,232.4142135623731
AStar,4,50,n/a,10.912179001024924,232,231.4142135623731
AStar,4,51,n/a,9.912714998790761,231,230.4142135623731
AStar,4,52,n/a,11.296495998976752,230,229.4142135623731
AStar,4,53,n/a,10.445429998071631,229,228.4142135623731
AStar,4,54,n/a,10.113355998328188,228,227.4142135623731
AStar,4,55,n/a,10.335530998418108,227,226.4142135623731
AStar,4,56,n/a,11.386907000996871,226,225.4142135623731
AStar,4,57,n/a,9.778851002920419,225,224.4142135623731
AStar,4,58,n/a,11.555272998521104,224,223.4142135623731
AStar,4,59,n/a,10.442967999551911,223,222.4142135623731
AStar,4,60,n/a,10.370375999627868,222,221.4142135623731
AStar,4,61,n/a,11.699524002324324,221,220.4142135623731
AStar,4,62,n/a,10.192280999035574,220,219.4142135623731
AStar,4,63,n/a,10.532932999922195,219,218.4142135623731
AStar,4,64,n/a,10.617306998028653,218,217.4142135623731
AStar,4,65,n/a,10.406692999822553,217,216.4142135623731
AStar,4,66,n/a,10.444004001328722,216,215.4142135623731
AStar,4,67,n/a,11.023057999409502,215,214.4142135623731
AStar,4,68,n/a,10.687265999877127,216,215.4142135623731
AStar,4,69,n/a,10.555668002780294,215,214.4142135623731
AStar,4,70,n/a,10.071718999824952,214,213.0
AStar,4,71,n/a,9.96156299879658,213,212.0
AStar,4,72,n/a,9.635514001274714,212,211.0
AStar,4,73,n/a,9.452345999307,211,210.0
AStar,4,74,n/a,9.962670999811962,210,209.0
AStar,4,75,n/a,10.686106001230655,209,208.0
AStar,4,76,n/a,9.14545200066641,208,207.0
AStar,4,77,n/a,11.135426997498143,207,206.0
AStar,4,78,n/a,9.510282998235198,206,205.0
AStar,4,79,n/a,9.890568002447253,205,204.0
AStar,4,80,n/a,9.925848000420956,204,203.0
AStar,4,81,n/a,9.909908996633021,203,202.0
AStar,4,82,n/a,9.143699997366639,202,201.0
AStar,4,83,n/a,9.664336997957435,201,200.0
AStar,4,84,n/a,9.632347002479946,200,199.0
AStar,4,85,n/a,9.684674001618987,199,198.0
AStar,4,86,n/a,9.766811999725178,198,197.0
AStar,4,87,n/a,10.208476000116207,197,196.0
AStar,4,88,n/a,9.673182998085395,196,195.0
AStar,4,89,n/a,9.347644001536537,195,194.0
AStar,4,90,n/a,9.091567000723444,194,193.0
AStar,4,91,n/a,9.727190001285635,193,192.0
AStar,4,92,n/a,9.382077998452587,192,191.0
AStar,4,93,n/a,9.460369998123497,191,190.0
AStar,4,94,n/a,9.252517000277294,190,189.0
AStar,4,95,n/a,10.504493002372328,189,188.0
AStar,4,96,n/a,10.264519998600008,188,187.0
AStar,4,97,n/a,8.916994000173872,187,186.0
AStar,4,98,n/a,11.427812001784332,186,185.0
AStar,4,99,n/a,9.601133999240119,185,184.0
AStar,4,100,n/a,9.30861099914182,184,183.0
AStar,4,101,n/a,10.928264000540366,183,182.0
AStar,4,102,n/a,9.257891000743257,182,181.0
AStar,4,103,n/a,9.37569600137067,181,180.0
AStar,4,104,n/a,10.071081000205595,180,179.0
AStar,4,105,n/a,9.528238002530998,179,178.0
AStar,4,106,n/a,9.01037599760457,178,177.0
AStar,4,107,n/a,9.548113997880137,177,176.0
AStar,4,108,n/a,9.963831002096413,176,175.0
AStar,4,109,n/a,9.696331999293761,175,174.0
AStar,4,110,n/a,9.30557599713211,174,173.0
AStar,4,111,n/a,10.397808997367974,173,172.0
AStar,4,112,n/a,8.807725000224309,172,171.0
AStar,4,113,n/a,9.64285499867401,171,170.0
AStar,4,114,n/a,9.253256997908466,170,169.0
AStar,4,115,n/a,10.331437002605526,169,168.0
AStar,4,116,n/a,10.113568001543172,168,167.0
AStar,4,117,n/a,9.439344001293648,167,166.0
AStar,4,118,n/a,9.571876002155477,166,165.0
AStar,4,119,n/a,9.048591000464512,165,164.0
AStar,4,120,n/a,9.108501999435248,164,163.0
AStar,4,121,n/a,9.336641000118107,163,162.0
AStar,4,122,n/a,10.305619001883315,162,161.0
AStar,4,123,n/a,8.84435000261874,161,160.0
AStar,4,124,n/a,9.066259000974242,160,159.0
AStar,4,125,n/a,9.80241599972942,159,158.0
AStar,4,126,n/a,9.11529699806124,158,157.0
AStar,4,127,n/a,8.767637998971622,157,156.0
AStar,4,128,n/a,9.796451002330286,156,155.0
AStar,4,129,n/a,9.218654999131104,155,154.0
AStar,4,130,n/a,8.935570996982278,154,153.0
AStar,4,131,n/a,8.788850998826092,153,152.0
AStar,4,132,n/a,10.894768998696236,152,151.0
AStar,4,133,n/a,9.178889999020612,151,150.0
AStar,4,134,n/a,9.705000000394648,150,149.0
AStar,4,135,n/a,9.413515002961503,149,148.0
AStar,4,136,n/a,9.201325003232341,148,147.0
AStar,4,137,n/a,9.134306998021202,147,146.0
AStar,4,138,n/a,9.346984999865526,146,145.0
AStar,4,139,n/a,9.48592200074927,145,144.0
AStar,4,140,n/a,9.217667000484653,144,143.0
AStar,4,141,n/a,8.986912998807384,143,142.0
AStar,4,142,n/a,8.73475299886195,142,141.0
AStar,4,143,n/a,9.22262300082366,141,140.0
AStar,4,144,n/a,8.362242999282898,140,139.0
AStar,4,145,n/a,9.117331999732414,139,138.0
AStar,4,146,n/a,9.323308000602992,138,137.0
AStar,4,147,n/a,9.109982998779742,137,136.0
AStar,4,148,n/a,9.077853999770014,136,135.0
AStar,4,149,n/a,9.079168001335347,135,134.0
AStar,4,150,n/a,9.924149999278598,134,133.0
AStar,4,151,n/a,8.71886499953689,133,132.0
AStar,4,152,n/a,8.726860000024317,132,131.0
AStar,4,153,n/a,8.568003999243956,131,130.0
AStar,4,154,n/a,9.95396700091078,130,129.0
AStar,4,155,n/a,8.455013001366751,129,128.0
AStar,4,156,n/a,8.757122999668354,128,127.0
AStar,4,157,n/a,8.948053000494838,127,126.0
AStar,4,158,n/a,10.286790999089135,126,125.0
AStar,4,159,n/a,9.532201998808887,125,124.0
AStar,4,160,n/a,8.970301001681946,124,123.0
AStar,4,161,n/a,9.001619000628125,123,122.0
AStar,4,162,n/a,8.725029998458922,122,121.0
AStar,4,163,n/a,8.58789800258819,121,120.0
AStar,4,164,n/a,8.776426999247633,120,119.0
AStar,4,165,n/a,9.460483001021203,119,118.0
AStar,4,166,n/a,8.044477999646915,118,117.0
AStar,4,167,n/a,8.552379000320798,117,116.0
AStar,4,168,n/a,8.255397999164416,116,115.0
AStar,4,169,n/a,9.304973002144834,115,114.0
AStar,4,170,n/a,8.538105998013634,114,113.0
AStar,4,171,n/a,8.399528000154532,113,112.0
AStar,4,172,n/a,8.579311001085443,112,111.0
AStar,4,173,n/a,8.421181999437977,111,110.0
AStar,4,174,n/a,8.172181998816086,110,109.0
AStar,4,175,n/a,8.285804000479402,109,108.0
AStar,4,176,n/a,8.784098998148693,108,107.0
AStar,4,177,n/a,8.114023999951314,107,106.0
AStar,4,178,n/a,8.425293999607675,106,105.0
AStar,4,179,n/a,8.284781000838848,105,104.0
AStar,4,180,n/a,8.744083999772556,104,103.0
AStar,4,181,n/a,8.746931001951452,103,102.0
AStar,4,182,n/a,9.063713998330059,102,101.0
AStar,4,183,n/a,8.113071002298966,101,100.0
AStar,4,184,n/a,9.831882998696528,100,99.0
AStar,4,185,n/a,7.828833997336915,99,98.0
AStar,4,186,n/a,8.77867300005164,98,97.0
AStar,4,187,n/a,8.095073997537838,97,96.0
AStar,4,188,n/a,8.831839000777109,96,95.0
AStar,4,189,n/a,7.911353000963572,95,94.0
AStar,4,190,n/a,7.831848997739144,94,93.0
AStar,4,191,n/a,8.22084199899109,93,92.0
AStar,4,192,n/a,8.558644996810472,92,91.0
AStar,4,193,n/a,8.572522998292698,91,90.0
AStar,4,194,n/a,7.9924219971871935,90,89.0
AStar,4,195,n/a,8.440806999715278,89,88.0
AStar,4,196,n/a,9.04479699966032,88,87.0
AStar,4,197,n/a,8.22189099926618,87,86.0
AStar,4,198,n/a,8.127426997816656,86,85.0
AStar,4,199,n/a,8.77926000248408,85,84.0
AStar,5,0,n/a,43.801514999358915,281,291.59797974644664
AStar,5,1,n/a,12.815664998925058,281,291.59797974644664
AStar,5,2,n/a,12.594845000421628,280,290.59797974644664
AStar,5,3,n/a,11.619922002864769,279,289.59797974644664
AStar,5,4,n/a,12.683400000241818,278,288.59797974644664
AStar,5,5,n/a,14.09731199964881,277,287.59797974644664
AStar,5,6,n/a,12.460920999728842,276,286.59797974644664
AStar,5,7,n/a,13.781230998574756,275,285.59797974644664
AStar,5,8,n/a,12.172646998806158,274,284.59797974644664
AStar,5,9,n/a,12.40992000020924,273,283.59797974644664
AStar,5,10,n/a,13.998320002428954,272,282.59797974644664
AStar,5,11,n/a,11.508395000419114,271,281.59797974644664
AStar,5,12,n/a,11.723241997970035,270,280.18376618407353
AStar,5,13,n/a,11.537242000486003,270,280.18376618407353
AStar,5,14,n/a,11.141659997520037,269,278.7695526217004
AStar,5,15,n/a,11.261284002102911,268,277.3553390593273
AStar,5,16,n/a,12.439471000107005,268,277.3553390593273
AStar,5,17,n/a,11.11094000225421,267,275.9411254969542
AStar,5,18,n/a,11.380567997548496,266,274.52691193458116
AStar,5,19,n/a,10.846059001778485,266,274.52691193458116
AStar,5,20,n/a,10.449006000271766,265,273.11269837220806
AStar,5,21,n/a,11.53486399925896,264,271.69848480983495
AStar,5,22,n/a,10.733151000749785,264,271.69848480983495
AStar,5,23,n/a,10.761462999653304,263,270.28427124746185
AStar,5,24,n/a,11.52891399760847,262,268.8700576850888
AStar,5,25,n/a,11.605652998696314,262,268.8700576850888
AStar,5,26,n/a,10.821035000844859,261,267.4558441227157
AStar,5,27,n/a,10.504178000701359,260,266.0416305603426
AStar,5,28,n/a,11.358919000485912,260,266.0416305603426
AStar,5,29,n/a,10.843456999282353,259,264.6274169979695
AStar,5,30,n/a,10.43366799785872,258,263.21320343559637
AStar,5,31,n/a,10.929912001302,257,262.21320343559637
AStar,5,32,n/a,10.683005002647405,256,261.21320343559637
AStar,5,33,n/a,10.086096001032274,255,260.21320343559637
AStar,5,34,n/a,10.389586001110729,254,259.21320343559637
AStar,5,35,n/a,11.275568998826202,253,258.21320343559637
AStar,5,36,n/a,11.146715998620493,252,257.21320343559637
AStar,5,37,n/a,11.862855000799755,251,256.2132034355964
AStar,5,38,n/a,10.381689000496408,250,255.21320343559643
AStar,5,39,n/a,10.14119300089078,249,254.21320343559643
AStar,5,40,n/a,10.886906999076018,248,253.21320343559643
AStar,5,41,n/a,9.912976001942297,247,252.21320343559643
AStar,5,42,n/a,10.454031998961,246,251.21320343559643
AStar,5,43,n/a,11.310180001601111,245,250.21320343559643
AStar,5,44,n/a,10.389391998614883,244,249.21320343559643
AStar,5,45,n/a,9.872548998828279,243,248.21320343559643
AStar,5,46,n/a,10.675045999960275,242,247.21320343559643
AStar,5,47,n/a,10.320265999325784,241,246.21320343559643
AStar,5,48,n/a,10.492972000065492,240,245.21320343559643
AStar,5,49,n/a,11.30687800105079,239,244.21320343559643
AStar,5,50,n/a,9.742230002302676,238,243.21320343559643
AStar,5,51,n/a,10.315858999092598,237,242.21320343559643
AStar,5,52,n/a,10.209807001956506,236,241.21320343559643
AStar,5,53,n/a,11.282179002591874,235,240.21320343559643
AStar,5,54,n/a,9.668530001363251,234,239.21320343559643
AStar,5,55,n/a,9.946637001121417,233,238.21320343559643
AStar,5,56,n/a,11.00660100200912,232,237.21320343559643
AStar,5,57,n/a,10.65385900074034,231,236.21320343559643
AStar,5,58,n/a,9.091124997212319,230,235.21320343559643
AStar,5,59,n/a,10.615192000841489,229,234.21320343559643
AStar,5,60,n/a,10.719025001890259,228,233.21320343559643
AStar,5,61,n/a,9.562253999320092,227,232.21320343559643
AStar,5,62,n/a,11.315322000882588,227,231.79898987322332
AStar,5,63,n/a,9.896208001009654,226,230.79898987322332
AStar,5,64,n/a,9.59060899913311,225,229.38477631085024
AStar,5,65,n/a,10.905196999374311,225,229.38477631085024
AStar,5,66,n/a,9.055812002770836,224,227.97056274847714
AStar,5,67,n/a,9.580526002537226,223,226.55634918610406
AStar,5,68,n/a,10.354205998737598,223,226.55634918610406
AStar,5,69,n/a,10.172662001423305,222,225.14213562373095
AStar,5,70,n/a,9.609642998839263,221,223.72792206135784
AStar,5,71,n/a,9.994330001063645,221,223.72792206135784
AStar,5,72,n/a,9.846143999311607,220,222.31370849898477
AStar,5,73,n/a,10.735994997958187,219,220.89949493661166
AStar,5,74,n/a,9.517262002191273,219,220.89949493661166
AStar,5,75,n/a,10.88194600015413,218,219.48528137423858
AStar,5,76,n/a,9.693957999843406,217,218.07106781186548
AStar,5,77,n/a,9.764229998836527,217,218.07106781186548
AStar,5,78,n/a,10.327070001949323,216,216.65685424949237
AStar,5,79,n/a,9.219187999406131,215,215.2426406871193
AStar,5,80,n/a,9.85966300140717,215,215.2426406871193
AStar,5,81,n/a,9.367320999444928,214,213.82842712474618
AStar,5,82,n/a,9.916481001710054,213,212.4142135623731
AStar,5,83,n/a,9.467962001508567,212,211.4142135623731
AStar,5,84,n/a,9.637973002099898,211,210.4142135623731
AStar,5,85,n/a,10.50896900051157,210,209.4142135623731
AStar,5,86,n/a,8.811638999759452,209,208.4142135623731
AStar,5,87,n/a,9.665946003224235,208,207.4142135623731
AStar,5,88,n/a,10.443230999953812,207,206.4142135623731
AStar,5,89,n/a,9.537116002320545,206,205.4142135623731
AStar,5,90,n/a,9.314478997112019,205,204.4142135623731
AStar,5,91,n/a,9.491725002590101,204,203.4142135623731
AStar,5,92,n/a,9.457636999286478,203,202.4142135623731
AStar,5,93,n/a,11.114733999420423,202,201.4142135623731
AStar,5,94,n/a,9.387652000441449,201,200.4142135623731
AStar,5,95,n/a,10.943581997707952,200,199.4142135623731
AStar,5,96,n/a,10.005942000134382,199,198.4142135623731
AStar,5,97,n/a,9.450293000554666,198,197.4142135623731
AStar,5,98,n/a,10.3055729996413,197,196.4142135623731
AStar,5,99,n/a,10.539889000938274,196,195.4142135623731
AStar,5,100,n/a,9.446744003071217,195,194.4142135623731
AStar,5,101,n/a,9.998009998525959,194,193.4142135623731
AStar,5,102,n/a,10.560481001448352,193,192.4142135623731
AStar,5,103,n/a,9.679136997874593,192,191.4142135623731
AStar,5,104,n/a,9.784533001948148,191,190.4142135623731
AStar,5,105,n/a,12.097150000045076,190,189.4142135623731
AStar,5,106,n/a,9.480744000029517,189,188.4142135623731
AStar,5,107,n/a,9.736281001096359,188,187.4142135623731
AStar,5,108,n/a,10.580668000329752,187,186.4142135623731
AStar,5,109,n/a,9.531530002277577,186,185.4142135623731
AStar,5,110,n/a,9.87276899832068,185,184.4142135623731
AStar,5,111,n/a,8.901345998310717,184,183.4142135623731
AStar,5,112,n/a,10.546560999500798,183,182.4142135623731
AStar,5,113,n/a,10.035979001258966,184,183.4142135623731
AStar,5,114,n/a,9.377309997944394,183,182.4142135623731
AStar,5,115,n/a,9.353858997201314,182,181.0
AStar,5,116,n/a,8.431487000052584,181,180.0
AStar,5,117,n/a,8.836801000143168,180,179.0
AStar,5,118,n/a,8.742695998080308,179,178.0
AStar,5,119,n/a,9.66651100316085,178,177.0
AStar,5,120,n/a,8.2173109985888,177,176.0
AStar,5,121,n/a,8.486766000714852,176,175.0
AStar,5,122,n/a,9.021691999805626,175,174.0
AStar,5,123,n/a,8.708108001883375,174,173.0
AStar,5,124,n/a,8.166106999851763,173,172.0
AStar,5,125,n/a,8.254848999058595,172,171.0
AStar,5,126,n/a,8.729527002287796,171,170.0
AStar,5,127,n/a,8.828469999571098,170,169.0
AStar,5,128,n/a,8.6225419981929,169,168.0
AStar,5,129,n/a,8.384040000237292,168,167.0
AStar,5,130,n/a,9.66528500066488,167,166.0
AStar,5,131,n/a,8.584936997067416,166,165.0
AStar,5,132,n/a,8.618475003459025,165,164.0
AStar,5,133,n/a,8.540585000446299,164,163.0
AStar,5,134,n/a,8.523937001882587,163,162.0
AStar,5,135,n/a,9.070538999367272,162,161.0
AStar,5,136,n/a,8.304317998408806,161,160.0
AStar,5,137,n/a,8.59300299998722,160,159.0
AStar,5,138,n/a,9.112030998949194,159,158.0
AStar,5,139,n/a,8.299453998915851,158,157.0
AStar,5,140,n/a,8.457812000415288,157,156.0
AStar,5,141,n/a,9.20533599855844,156,155.0
AStar,5,142,n/a,8.242301999416668,155,154.0
AStar,5,143,n/a,8.068934999755584,154,153.0
AStar,5,144,n/a,8.520803999999771,153,152.0
AStar,5,145,n/a,9.26891000199248,152,151.0
AStar,5,146,n/a,8.160982997651445,151,150.0
AStar,5,147,n/a,8.649937000882346,150,149.0
AStar,5,148,n/a,8.155998002621345,149,148.0
AStar,5,149,n/a,10.1057559986657,148,147.0
AStar,5,150,n/a,7.989573001395911,147,146.0
AStar,5,151,n/a,8.593058002588805,146,145.0
AStar,5,152,n/a,8.334688001923496,145,144.0
AStar,5,153,n/a,9.98714700108394,144,143.0
AStar,5,154,n/a,8.370796000235714,143,142.0
AStar,5,155,n/a,8.07889600037015,142,141.0
AStar,5,156,n/a,8.495533998939209,141,140.0
AStar,5,157,n/a,8.048241001233691,140,139.0
AStar,5,158,n/a,10.58762400134583,139,138.0
AStar,5,159,n/a,8.37597099962295,138,137.0
AStar,5,160,n/a,9.286192002036842,137,136.0
AStar,5,161,n/a,8.885177001502598,136,135.0
AStar,5,162,n/a,8.59151899931021,135,134.0
AStar,5,163,n/a,8.63444200149388,134,133.0
AStar,5,164,n/a,9.655464000388747,133,132.0
AStar,5,165,n/a,8.608076001110021,132,131.0
AStar,5,166,n/a,8.606424999015871,131,130.0
AStar,5,167,n/a,8.96907200149144,130,129.0
AStar,5,168,n/a,10.094676003063796,129,128.0
AStar,5,169,n/a,8.69631600289722,128,127.0
AStar,5,170,n/a,8.549258000130067,127,126.0
AStar,5,171,n/a,9.164645998680498,126,125.0
AStar,5,172,n/a,8.249629001511494,125,124.0
AStar,5,173,n/a,7.920472999103367,124,123.0
AStar,5,174,n/a,8.57675199949881,123,122.0
AStar,5,175,n/a,9.199533000355586,122,121.0
AStar,5,176,n/a,8.340011001564562,121,120.0
AStar,5,177,n/a,8.587811997131212,120,119.0
AStar,5,178,n/a,7.934503002616111,119,118.0
AStar,5,179,n/a,8.149556000716984,118,117.0
AStar,5,180,n/a,8.58473900007084,117,116.0
AStar,5,181,n/a,8.775574002356734,116,115.0
AStar,5,182,n/a,8.462757999950554,115,114.0
AStar,5,183,n/a,8.607739000581205,114,113.0
AStar,5,184,n/a,8.06450600066455,113,112.0
AStar,5,185,n/a,8.022396999876946,112,111.0
AStar,5,186,n/a,8.380139999644598,111,110.0
AStar,5,187,n/a,8.77852999838069,110,109.0
AStar,5,188,n/a,8.130201000312809,109,108.0
AStar,5,189,n/a,7.875037001213059,108,107.0
AStar,5,190,n/a,8.758915002545109,107,106.0
AStar,5,191,n/a,8.789813997282181,106,105.0
AStar,5,192,n/a,8.425346000876743,105,104.0
AStar,5,193,n/a,8.987593002530048,104,103.0
AStar,5,194,n/a,8.5446029988816,103,102.0
AStar,5,195,n/a,9.553613999742083,102,101.0
AStar,5,196,n/a,8.44345600125962,101,100.0
AStar,5,197,n/a,8.049091000430053,100,99.0
AStar,5,198,n/a,8.707764998689527,99,98.0
AStar,5,199,n/a,9.4401319984172,98,97.0
AStar,6,0,n/a,97.8659760003211,281,318.9360748630717
AStar,6,1,n/a,64.44932900194544,281,318.9360748630717
AStar,6,2,n/a,63.675621000584215,280,317.9360748630717
AStar,6,3,n/a,66.08654899901012,279,316.9360748630717
AStar,6,4,n/a,59.0984450027463,278,315.9360748630717
AStar,6,5,n/a,60.89703099860344,277,314.9360748630717
AStar,6,6,n/a,62.83169600283145,276,313.9360748630717
AStar,6,7,n/a,63.04484399879584,275,312.9360748630717
AStar,6,8,n/a,63.11265700060176,274,311.9360748630717
AStar,6,9,n/a,62.01363400032278,273,310.9360748630717
AStar,6,10,n/a,60.55132799883722,272,309.9360748630717
AStar,6,11,n/a,59.700606998376315,271,308.9360748630717
AStar,6,12,n/a,59.96555100136902,270,307.93607486307167
AStar,6,13,n/a,59.55857300068601,269,306.93607486307167
AStar,6,14,n/a,60.896170001797145,268,305.93607486307167
AStar,6,15,n/a,56.92853599975933,267,304.93607486307167
AStar,6,16,n/a,61.34476999795879,266,303.93607486307167
AStar,6,17,n/a,58.52594099997077,265,302.93607486307167
AStar,6,18,n/a,60.950518996833125,264,301.9360748630716
AStar,6,19,n/a,62.21351099884487,263,300.9360748630716
AStar,6,20,n/a,57.520316000591265,262,299.9360748630716
AStar,6,21,n/a,67.27302099898225,261,298.9360748630716
AStar,6,22,n/a,58.02936899999622,260,297.9360748630716
AStar,6,23,n/a,59.243732001050375,259,296.9360748630716
AStar,6,24,n/a,59.47766099779983,258,295.9360748630716
AStar,6,25,n/a,57.739059997402364,257,294.9360748630716
AStar,6,26,n/a,54.72148899934837,256,293.93607486307155
AStar,6,27,n/a,57.14430099760648,255,292.93607486307155
AStar,6,28,n/a,57.59866200241959,254,291.93607486307155
AStar,6,29,n/a,55.223489998752484,253,290.93607486307155
AStar,6,30,n/a,55.98196200298844,252,289.93607486307155
AStar,6,31,n/a,57.14105099832523,251,288.93607486307155
AStar,6,32,n/a,61.90013199739042,250,287.93607486307155
AStar,6,33,n/a,54.53827200108208,249,286.93607486307155
AStar,6,34,n/a,52.49892500069109,248,285.93607486307155
AStar,6,35,n/a,53.14604300292558,247,284.93607486307155
AStar,6,36,n/a,52.643893999629654,246,283.93607486307155
AStar,6,37,n/a,52.02848499902757,245,282.93607486307155
AStar,6,38,n/a,49.90592800095328,244,281.9360748630715
AStar,6,39,n/a,50.6076320016291,243,280.9360748630715
AStar,6,40,n/a,52.13770499904058,242,279.93607486307144
AStar,6,41,n/a,50.08982200160972,241,278.93607486307144
AStar,6,42,n/a,53.6765530014236,240,277.93607486307144
AStar,6,43,n/a,49.89231900253799,239,276.93607486307144
AStar,6,44,n/a,53.215199997794116,238,275.93607486307144
AStar,6,45,n/a,47.92537699904642,237,274.93607486307144
AStar,6,46,n/a,49.16451399913058,236,273.93607486307144
AStar,6,47,n/a,47.34355899927323,235,272.93607486307144
AStar,6,48,n/a,47.11843000040972,234,271.93607486307144
AStar,6,49,n/a,48.99609300264274,233,270.52186130069833
AStar,6,50,n/a,48.42518900113646,233,270.52186130069833
AStar,6,51,n/a,45.9000160008145,232,269.1076477383252
AStar,6,52,n/a,44.19182399942656,231,267.6934341759521
AStar,6,53,n/a,47.79431299903081,231,267.6934341759521
AStar,6,54,n/a,43.8298940025561,230,266.279220613579
AStar,6,55,n/a,45.04169199935859,229,264.8650070512059
AStar,6,56,n/a,45.51597199679236,229,264.8650070512059
AStar,6,57,n/a,43.827099001646275,228,263.4507934888328
AStar,6,58,n/a,43.744298000092385,227,262.03657992645975
AStar,6,59,n/a,44.13832000136608,227,262.03657992645975
AStar,6,60,n/a,42.82562899970799,226,260.62236636408664
AStar,6,61,n/a,42.02163299851236,225,259.20815280171354
AStar,6,62,n/a,42.670078997616656,225,259.20815280171354
AStar,6,63,n/a,41.25453199958429,224,257.79393923934043
AStar,6,64,n/a,40.33693099700031,223,256.3797256769674
AStar,6,65,n/a,41.81889699975727,223,256.3797256769674
AStar,6,66,n/a,40.734842001256766,222,254.96551211459428
AStar,6,67,n/a,38.518895002198406,221,253.55129855222117
AStar,6,68,n/a,39.1998329978378,221,253.55129855222117
AStar,6,69,n/a,36.19065699967905,220,252.13708498984806
AStar,6,70,n/a,37.26001000177348,219,250.72287142747496
AStar,6,71,n/a,37.488390000362415,219,250.72287142747496
AStar,6,72,n/a,37.34594399793423,218,249.30865786510188
AStar,6,73,n/a,38.56351300055394,217,247.89444430272877
AStar,6,74,n/a,37.0146629975352,217,247.89444430272877
AStar,6,75,n/a,35.8522679998714,216,246.48023074035564
AStar,6,76,n/a,33.3547490008641,215,245.06601717798253
AStar,6,77,n/a,35.98332599722198,215,245.06601717798253
AStar,6,78,n/a,34.09717999966233,214,243.65180361560942
AStar,6,79,n/a,33.227102998353075,213,242.65180361560942
AStar,6,80,n/a,33.37397100040107,212,241.65180361560942
AStar,6,81,n/a,32.83371400175383,211,240.6518036156094
AStar,6,82,n/a,33.05934099989827,210,239.6518036156094
AStar,6,83,n/a,33.058643002732424,209,238.6518036156094
AStar,6,84,n/a,33.946576000744244,208,237.65180361560937
AStar,6,85,n/a,31.9912450031552,207,236.65180361560937
AStar,6,86,n/a,32.59471799901803,206,235.65180361560937
AStar,6,87,n/a,33.09515200089663,205,234.65180361560937
AStar,6,88,n/a,31.33375999823329,204,233.65180361560937
AStar,6,89,n/a,34.66287999981432,203,232.65180361560937
AStar,6,90,n/a,31.753458999446593,202,231.65180361560937
AStar,6,91,n/a,31.171689999609953,201,230.65180361560937
AStar,6,92,n/a,32.35811100239516,200,229.65180361560937
AStar,6,93,n/a,34.24105399972177,199,228.65180361560937
AStar,6,94,n/a,30.608215998654487,198,227.65180361560937
AStar,6,95,n/a,33.4497760013619,197,226.65180361560937
AStar,6,96,n/a,32.29596399978618,196,225.65180361560937
AStar,6,97,n/a,32.4561259985785,195,224.65180361560937
AStar,6,98,n/a,30.416083998716203,194,223.65180361560937
AStar,6,99,n/a,28.51462999751675,193,222.65180361560937
AStar,6,100,n/a,30.975124001997756,192,221.65180361560937
AStar,6,101,n/a,32.326574000762776,191,220.65180361560937
AStar,6,102,n/a,30.449595000391128,190,219.65180361560937
AStar,6,103,n/a,31.088402000023052,189,218.65180361560937
AStar,6,104,n/a,31.072313999175094,188,217.65180361560937
AStar,6,105,n/a,31.657298997743055,187,216.65180361560937
AStar,6,106,n/a,30.098788000032073,186,215.65180361560937
AStar,6,107,n/a,30.888063000020338,185,214.65180361560937
AStar,6,108,n/a,29.68029600015143,184,213.65180361560937
AStar,6,109,n/a,30.583004998334218,183,212.65180361560937
AStar,6,110,n/a,31.148025002039503,182,211.65180361560937
AStar,6,111,n/a,32.01289299977361,181,210.65180361560937
AStar,6,112,n/a,31.77541499826475,180,209.65180361560934
AStar,6,113,n/a,30.90395699837245,179,208.65180361560934
AStar,6,114,n/a,31.685773999925004,178,207.65180361560934
AStar,6,115,n/a,31.09737600243534,177,206.6518036156093
AStar,6,116,n/a,31.44206800061511,176,205.6518036156093
AStar,6,117,n/a,30.51202899951022,175,204.6518036156093
AStar,6,118,n/a,30.861017003189772,174,203.6518036156093
AStar,6,119,n/a,29.07239100022707,173,202.65180361560928
AStar,6,120,n/a,28.898650998598896,172,201.65180361560928
AStar,6,121,n/a,32.28664099879097,171,200.65180361560928
AStar,6,122,n/a,29.495015998691088,170,199.65180361560928
AStar,6,123,n/a,28.835152999818092,169,198.65180361560928
AStar,6,124,n/a,30.460607002169127,168,197.65180361560925
AStar,6,125,n/a,30.13703400210943,167,196.65180361560925
AStar,6,126,n/a,29.757096999674104,166,195.65180361560923
AStar,6,127,n/a,30.352752000908367,165,194.65180361560923
AStar,6,128,n/a,28.010387999529485,164,193.65180361560923
AStar,6,129,n/a,26.499245999730192,163,192.6518036156092
AStar,6,130,n/a,27.230514999246225,162,191.65180361560923
AStar,6,131,n/a,27.425284999480937,161,190.6518036156092
AStar,6,132,n/a,28.065168000466656,160,189.6518036156092
AStar,6,133,n/a,29.78859100039699,159,188.6518036156092
AStar,6,134,n/a,26.036024999484653,158,187.6518036156092
AStar,6,135,n/a,27.6489269999729,157,186.65180361560917
AStar,6,136,n/a,28.341999000986107,156,185.65180361560917
AStar,6,137,n/a,26.386239998828387,155,184.65180361560917
AStar,6,138,n/a,26.200198000879027,154,183.65180361560914
AStar,6,139,n/a,27.335340000718134,153,182.65180361560914
AStar,6,140,n/a,24.45556599923293,152,181.65180361560914
AStar,6,141,n/a,27.044671998737613,151,180.23759005323603
AStar,6,142,n/a,25.180745997204212,151,180.23759005323603
AStar,6,143,n/a,25.954867000109516,150,178.82337649086293
AStar,6,144,n/a,24.954949996754294,149,177.40916292848982
AStar,6,145,n/a,24.98309500151663,149,177.40916292848982
AStar,6,146,n/a,25.51044099891442,148,175.9949493661167
AStar,6,147,n/a,22.421830999519443,147,174.5807358037436
AStar,6,148,n/a,24.79756799948518,147,174.5807358037436
AStar,6,149,n/a,22.789010999986203,146,173.1665222413705
AStar,6,150,n/a,22.116400999948382,145,171.7523086789974
AStar,6,151,n/a,23.628053000720683,145,171.7523086789974
AStar,6,152,n/a,24.399538000579923,144,170.3380951166243
AStar,6,153,n/a,21.22622000024421,143,168.92388155425115
AStar,6,154,n/a,22.52371099893935,143,168.92388155425115
AStar,6,155,n/a,20.71553800124093,142,167.50966799187805
AStar,6,156,n/a,20.120093002333306,141,166.09545442950494
AStar,6,157,n/a,21.435998001834378,141,166.09545442950494
AStar,6,158,n/a,21.03211400026339,140,164.68124086713183
AStar,6,159,n/a,18.664565999642946,139,163.26702730475873
AStar,6,160,n/a,19.694679001986515,139,163.26702730475873
AStar,6,161,n/a,19.81787099794019,138,161.85281374238562
AStar,6,162,n/a,20.039466999151045,137,160.43860018001251
AStar,6,163,n/a,17.482896000728942,137,160.43860018001251
AStar,6,164,n/a,17.965564999030903,136,159.0243866176394
AStar,6,165,n/a,17.109567001170944,135,157.61017305526627
AStar,6,166,n/a,18.473170999641297,135,157.61017305526627
AStar,6,167,n/a,17.53882800039719,134,156.1959594928932
AStar,6,168,n/a,15.404498000862077,133,154.78174593052012
AStar,6,169,n/a,16.891244002181338,133,154.78174593052012
AStar,6,170,n/a,16.766363998613087,132,153.367532368147
AStar,6,171,n/a,15.968070998496842,131,151.9533188057739
AStar,6,172,n/a,16.19975100038573,131,151.9533188057739
AStar,6,173,n/a,15.614224997989368,130,150.5391052434008
AStar,6,174,n/a,16.500515001098393,129,149.12489168102775
AStar,6,175,n/a,14.565699999366188,129,149.12489168102775
AStar,6,176,n/a,15.880478000326548,128,147.71067811865464
AStar,6,177,n/a,15.367618998425314,127,146.29646455628153
AStar,6,178,n/a,15.993372002412798,127,146.29646455628153
AStar,6,179,n/a,14.37985899974592,126,144.88225099390846
AStar,6,180,n/a,15.824385001906194,125,143.46803743153538
AStar,6,181,n/a,15.48728099805885,124,142.46803743153538
AStar,6,182,n/a,16.161744999408256,123,141.46803743153538
AStar,6,183,n/a,16.395457998441998,122,140.46803743153538
AStar,6,184,n/a,15.22816700162366,121,139.46803743153538
AStar,6,185,n/a,17.281233998801326,120,138.46803743153538
AStar,6,186,n/a,14.989248000347288,119,137.46803743153538
AStar,6,187,n/a,16.357622000214178,118,136.46803743153538
AStar,6,188,n/a,15.002563999587437,117,135.46803743153538
AStar,6,189,n/a,16.175666998606175,116,134.46803743153538
AStar,6,190,n/a,14.543318000505678,115,133.46803743153538
AStar,6,191,n/a,16.55997799753095,114,132.46803743153538
AStar,6,192,n/a,14.672318000521045,113,131.46803743153538
AStar,6,193,n/a,14.740230999450432,112,130.46803743153538
AStar,6,194,n/a,14.77757499742438,111,129.46803743153538
AStar,6,195,n/a,14.94528599869227,110,128.46803743153538
AStar,6,196,n/a,15.172225001151673,109,127.46803743153536
AStar,6,197,n/a,15.241459001117619,108,126.46803743153536
AStar,6,198,n/a,15.03741000124137,107,125.46803743153536
AStar,6,199,n/a,16.257795999990776,106,124.46803743153536
AStar,7,0,n/a,59.61168700014241,282,300.46803743153555
AStar,7,1,n/a,23.245346998010064,282,300.46803743153555
AStar,7,2,n/a,22.611111002333928,281,299.46803743153555
AStar,7,3,n/a,22.189035997143947,280,298.46803743153555
AStar,7,4,n/a,21.952956001769053,279,297.46803743153555
AStar,7,5,n/a,21.695105999242514,278,296.46803743153555
AStar,7,6,n/a,21.26157399834483,277,295.46803743153555
AStar,7,7,n/a,19.938600999012124,276,294.46803743153555
AStar,7,8,n/a,20.11623900034465,275,293.46803743153555
AStar,7,9,n/a,20.34969400119735,274,292.05382386916244
AStar,7,10,n/a,20.197968999127625,274,292.05382386916244
AStar,7,11,n/a,21.07955899919034,273,290.63961030678934
AStar,7,12,n/a,20.787024001037935,272,289.22539674441623
AStar,7,13,n/a,18.246184001327492,272,289.22539674441623
AStar,7,14,n/a,19.34913900186075,271,287.8111831820431
AStar,7,15,n/a,19.320962001074804,270,286.3969696196701
AStar,7,16,n/a,19.744997000088915,270,286.3969696196701
AStar,7,17,n/a,20.609239996701945,269,284.98275605729697
AStar,7,18,n/a,19.805074996838812,268,283.56854249492386
AStar,7,19,n/a,21.496278000995517,268,283.56854249492386
AStar,7,20,n/a,17.6382250028837,267,282.1543289325508
AStar,7,21,n/a,20.287747000111267,266,280.7401153701777
AStar,7,22,n/a,22.31412200126215,266,280.7401153701777
AStar,7,23,n/a,18.00159699996584,265,279.3259018078046
AStar,7,24,n/a,18.911449998995522,264,277.9116882454315
AStar,7,25,n/a,17.89793599891709,264,277.9116882454315
AStar,7,26,n/a,18.245084000227507,263,276.4974746830584
AStar,7,27,n/a,19.23287200042978,262,275.08326112068534
AStar,7,28,n/a,19.506086999172112,261,274.08326112068534
AStar,7,29,n/a,18.129064999811817,260,273.08326112068534
AStar,7,30,n/a,18.533850998210255,259,272.08326112068534
AStar,7,31,n/a,18.246611001814017,258,271.08326112068534
AStar,7,32,n/a,17.761178998625837,257,270.08326112068534
AStar,7,33,n/a,17.685014998278348,256,269.08326112068534
AStar,7,34,n/a,19.227969998610206,255,268.08326112068534
AStar,7,35,n/a,17.350216003251262,254,267.08326112068534
AStar,7,36,n/a,18.43173800079967,253,266.08326112068534
AStar,7,37,n/a,17.588195001735585,252,265.08326112068534
AStar,7,38,n/a,18.785995998769067,251,264.08326112068534
AStar,7,39,n/a,18.04597900263616,250,263.08326112068534
AStar,7,40,n/a,16.798025997559307,249,262.08326112068534
AStar,7,41,n/a,18.998166000528727,248,261.08326112068534
AStar,7,42,n/a,16.83725800103275,247,260.08326112068534
AStar,7,43,n/a,19.39634600057616,246,259.08326112068534
AStar,7,44,n/a,17.455891000281554,245,258.08326112068534
AStar,7,45,n/a,18.194263997429516,244,257.08326112068534
AStar,7,46,n/a,17.30848399893148,243,256.08326112068534
AStar,7,47,n/a,17.329221998807043,242,255.08326112068536
AStar,7,48,n/a,16.81856300274376,241,254.08326112068536
AStar,7,49,n/a,17.039652000676142,240,253.08326112068536
AStar,7,50,n/a,17.231031000846997,241,254.08326112068536
AStar,7,51,n/a,18.35889100038912,240,253.08326112068536
AStar,7,52,n/a,16.944438000791706,239,251.6690475583123
AStar,7,53,n/a,19.942180999350967,239,251.6690475583123
AStar,7,54,n/a,16.675045000738464,238,250.25483399593918
AStar,7,55,n/a,16.714568999304902,237,248.84062043356607
AStar,7,56,n/a,15.823726000235183,237,248.84062043356607
AStar,7,57,n/a,16.269308998744236,236,247.426406871193
AStar,7,58,n/a,16.122523000376532,235,246.0121933088199
AStar,7,59,n/a,17.94960900224396,235,246.0121933088199
AStar,7,60,n/a,15.427767997607589,234,244.5979797464468
AStar,7,61,n/a,15.759591999085387,233,243.1837661840737
AStar,7,62,n/a,15.5242780019762,233,243.1837661840737
AStar,7,63,n/a,16.877289999683853,232,241.7695526217006
AStar,7,64,n/a,15.148010003031231,231,240.3553390593275
AStar,7,65,n/a,16.512028996658046,231,240.3553390593275
AStar,7,66,n/a,14.677581999421818,230,238.9411254969544
AStar,7,67,n/a,14.828769999439828,229,237.52691193458134
AStar,7,68,n/a,14.644706003309693,229,237.52691193458134
AStar,7,69,n/a,15.345175001129974,228,236.11269837220823
AStar,7,70,n/a,15.238543001032667,227,234.69848480983512
AStar,7,71,n/a,14.8013069992885,227,234.69848480983512
AStar,7,72,n/a,16.415818998211762,226,233.28427124746202
AStar,7,73,n/a,14.685309000924462,225,231.87005768508894
AStar,7,74,n/a,15.058297998621128,225,231.87005768508894
AStar,7,75,n/a,14.75587999811978,224,230.45584412271583
AStar,7,76,n/a,14.408268998522544,223,229.04163056034275
AStar,7,77,n/a,14.504976999887731,223,229.04163056034275
AStar,7,78,n/a,14.368866999575403,222,227.62741699796965
AStar,7,79,n/a,13.53795000250102,221,226.21320343559654
AStar,7,80,n/a,14.256034999561962,221,226.21320343559654
AStar,7,81,n/a,15.001080999354599,220,224.79898987322346
AStar,7,82,n/a,14.448712001467356,219,223.38477631085036
AStar,7,83,n/a,14.768091998121236,219,223.38477631085036
AStar,7,84,n/a,14.396790000319015,218,221.97056274847728
AStar,7,85,n/a,14.539396001055138,217,220.97056274847728
AStar,7,86,n/a,14.823099001660012,216,219.55634918610417
AStar,7,87,n/a,14.673542998934863,215,218.55634918610417
AStar,7,88,n/a,12.87185299952398,214,217.55634918610417
AStar,7,89,n/a,14.125574001809582,213,216.55634918610417
AStar,7,90,n/a,15.443978998519015,212,215.55634918610417
AStar,7,91,n/a,13.831558000674704,211,214.55634918610417
AStar,7,92,n/a,13.155151998944348,210,213.55634918610417
AStar,7,93,n/a,13.629247001517797,209,212.55634918610417
AStar,7,94,n/a,13.665495000168448,208,211.55634918610414
AStar,7,95,n/a,12.996102002944099,207,210.55634918610414
AStar,7,96,n/a,13.60711899906164,206,209.55634918610414
AStar,7,97,n/a,13.26727400009986,205,208.55634918610411
AStar,7,98,n/a,14.775683997868327,204,207.55634918610411
AStar,7,99,n/a,13.182628998038126,203,206.55634918610411
AStar,7,100,n/a,14.581341001758119,202,205.5563491861041
AStar,7,101,n/a,12.995942000998184,201,204.5563491861041
AStar,7,102,n/a,14.11013300094055,200,203.5563491861041
AStar,7,103,n/a,14.43041600214201,199,202.5563491861041
AStar,7,104,n/a,14.004184999066638,198,201.5563491861041
AStar,7,105,n/a,14.063265000004321,197,200.5563491861041
AStar,7,106,n/a,14.28824499816983,196,199.5563491861041
AStar,7,107,n/a,15.035741002066061,195,198.5563491861041
AStar,7,108,n/a,13.534197998524178,194,197.5563491861041
AStar,7,109,n/a,13.706964000448352,193,196.5563491861041
AStar,7,110,n/a,14.365343999088509,192,195.5563491861041
AStar,7,111,n/a,13.947546998679172,191,194.5563491861041
AStar,7,112,n/a,13.08033899840666,190,193.5563491861041
AStar,7,113,n/a,13.068574997305404,189,192.5563491861041
AStar,7,114,n/a,13.814519999868935,188,191.5563491861041
AStar,7,115,n/a,14.08076499865274,187,190.5563491861041
AStar,7,116,n/a,14.123933000519173,186,189.5563491861041
AStar,7,117,n/a,13.710816001548665,185,188.5563491861041
AStar,7,118,n/a,14.902802002325188,184,187.5563491861041
AStar,7,119,n/a,14.835452999250265,183,186.5563491861041
AStar,7,120,n/a,13.815070000418928,182,185.5563491861041
AStar,7,121,n/a,13.913669001340168,181,184.5563491861041
AStar,7,122,n/a,15.34296400132007,180,183.5563491861041
AStar,7,123,n/a,12.325241001235554,179,182.5563491861041
AStar,7,124,n/a,13.916882999183144,178,181.5563491861041
AStar,7,125,n/a,13.228605999756837,177,180.5563491861041
AStar,7,126,n/a,13.490482000634074,176,179.5563491861041
AStar,7,127,n/a,14.565875997504918,175,178.5563491861041
AStar,7,128,n/a,13.114891000441276,174,177.5563491861041
AStar,7,129,n/a,13.49965499684913,173,176.5563491861041
AStar,7,130,n/a,14.16785100082052,172,175.5563491861041
AStar,7,131,n/a,12.163872001110576,171,174.5563491861041
AStar,7,132,n/a,14.38844199947198,170,173.5563491861041
AStar,7,133,n/a,13.798053998471005,169,172.5563491861041
AStar,7,134,n/a,14.190752001013607,168,171.5563491861041
AStar,7,135,n/a,12.988255999516696,167,170.5563491861041
AStar,7,136,n/a,12.414450000505894,166,169.5563491861041
AStar,7,137,n/a,13.146369001333369,165,168.5563491861041
AStar,7,138,n/a,13.034947001870023,164,167.5563491861041
AStar,7,139,n/a,13.323637002031319,163,166.5563491861041
AStar,7,140,n/a,12.065137998433784,162,165.5563491861041
AStar,7,141,n/a,12.324721999902977,161,164.5563491861041
AStar,7,142,n/a,14.026913999259705,160,163.5563491861041
AStar,7,143,n/a,11.508201001561247,159,162.5563491861041
AStar,7,144,n/a,12.607278000359656,158,161.5563491861041
AStar,7,145,n/a,13.108012000884628,157,160.5563491861041
AStar,7,146,n/a,11.991612998826895,156,159.5563491861041
AStar,7,147,n/a,12.230579999595648,155,158.5563491861041
AStar,7,148,n/a,13.109447998431278,154,157.5563491861041
AStar,7,149,n/a,12.113812001189217,153,156.5563491861041
AStar,7,150,n/a,12.289141999644926,152,155.5563491861041
AStar,7,151,n/a,12.719215999823064,151,154.5563491861041
AStar,7,152,n/a,12.345723000180442,150,153.5563491861041
AStar,7,153,n/a,13.757313001406146,149,152.5563491861041
AStar,7,154,n/a,12.495943003159482,148,151.5563491861041
AStar,7,155,n/a,13.088948002405232,147,150.5563491861041
AStar,7,156,n/a,11.466212999948766,146,149.5563491861041
AStar,7,157,n/a,11.592054997890955,145,148.5563491861041
AStar,7,158,n/a,12.552865002362523,144,147.5563491861041
AStar,7,159,n/a,11.528958999406314,143,146.5563491861041
AStar,7,160,n/a,12.034469000354875,142,145.5563491861041
AStar,7,161,n/a,12.45401599953766,141,144.5563491861041
AStar,7,162,n/a,11.676236001221696,140,143.5563491861041
AStar,7,163,n/a,11.955114001466427,139,142.5563491861041
AStar,7,164,n/a,12.08131600287743,138,141.5563491861041
AStar,7,165,n/a,12.969169998541474,137,140.5563491861041
AStar,7,166,n/a,12.434230997314444,136,139.5563491861041
AStar,7,167,n/a,12.124627999583026,135,138.5563491861041
AStar,7,168,n/a,11.937113002204569,134,137.5563491861041
AStar,7,169,n/a,12.5635840013274,133,136.5563491861041
AStar,7,170,n/a,11.257135000050766,132,135.5563491861041
AStar,7,171,n/a,11.535868001374183,131,134.5563491861041
AStar,7,172,n/a,12.34483000007458,130,133.55634918610406
AStar,7,173,n/a,10.91521099806414,129,132.55634918610406
AStar,7,174,n/a,11.55278499936685,128,131.55634918610406
AStar,7,175,n/a,12.348978001682553,127,130.55634918610403
AStar,7,176,n/a,11.300394999125274,126,129.55634918610403
AStar,7,177,n/a,10.265802000503754,125,128.55634918610403
AStar,7,178,n/a,12.781080000422662,124,127.55634918610401
AStar,7,179,n/a,10.340328997699544,123,126.55634918610401
AStar,7,180,n/a,11.054394002712797,122,125.55634918610401
AStar,7,181,n/a,11.23753099818714,121,124.55634918610401
AStar,7,182,n/a,11.418698999477783,120,123.55634918610401
AStar,7,183,n/a,10.630454999045469,119,122.55634918610401
AStar,7,184,n/a,10.802003998833243,118,121.55634918610401
AStar,7,185,n/a,10.945865997200599,117,120.55634918610401
AStar,7,186,n/a,10.919153999566333,116,119.55634918610401
AStar,7,187,n/a,10.786777998873731,115,118.55634918610401
AStar,7,188,n/a,9.956680998584488,114,117.55634918610401
AStar,7,189,n/a,10.4726829995343,113,116.55634918610401
AStar,7,190,n/a,12.68233199880342,112,115.55634918610401
AStar,7,191,n/a,9.733980998134939,111,114.55634918610401
AStar,7,192,n/a,10.590887999569532,110,113.55634918610401
AStar,7,193,n/a,11.949353000090923,109,112.55634918610403
AStar,7,194,n/a,9.978837999369716,108,111.55634918610403
AStar,7,195,n/a,10.346110000682529,107,110.55634918610403
AStar,7,196,n/a,11.873026000102982,106,109.55634918610404
AStar,7,197,n/a,10.851521001313813,105,108.55634918610404
AStar,7,198,n/a,10.411397001007572,104,107.55634918610404
AStar,7,199,n/a,10.729372999776388,103,106.55634918610404
AStar,8,0,n/a,60.54361099813832,281,294.0832611206854
AStar,8,1,n/a,26.972444997227285,281,294.0832611206854
AStar,8,2,n/a,25.536696997733088,280,293.0832611206854
AStar,8,3,n/a,26.79048500067438,279,292.0832611206854
AStar,8,4,n/a,25.140395999187604,278,291.0832611206854
AStar,8,5,n/a,25.53758599970024,277,290.0832611206854
AStar,8,6,n/a,24.89452500230982,276,289.0832611206854
AStar,8,7,n/a,24.747668001509737,275,288.0832611206854
AStar,8,8,n/a,24.45027000067057,274,287.0832611206854
AStar,8,9,n/a,25.18526400308474,273,286.0832611206854
AStar,8,10,n/a,26.92240200121887,272,285.0832611206854
AStar,8,11,n/a,26.013744998635957,271,284.0832611206854
AStar,8,12,n/a,22.896206999575952,270,283.0832611206854
AStar,8,13,n/a,24.26044800085947,269,282.0832611206854
AStar,8,14,n/a,24.49206099845469,268,281.0832611206854
AStar,8,15,n/a,24.051443000644213,267,280.0832611206854
AStar,8,16,n/a,24.699924997548806,266,279.0832611206854
AStar,8,17,n/a,24.5676429985906,265,278.0832611206854
AStar,8,18,n/a,23.157103001722135,264,277.0832611206854
AStar,8,19,n/a,23.357984002359444,263,276.0832611206854
AStar,8,20,n/a,23.848164000810357,262,275.0832611206854
AStar,8,21,n/a,26.30146100273123,261,274.0832611206854
AStar,8,22,n/a,23.2685480004875,260,273.0832611206854
AStar,8,23,n/a,24.430212000879692,259,272.0832611206854
AStar,8,24,n/a,24.20642699871678,258,271.0832611206854
AStar,8,25,n/a,23.659648999455385,257,270.0832611206854
AStar,8,26,n/a,22.59388700258569,256,269.08326112068534
AStar,8,27,n/a,23.5695699993812,255,268.08326112068534
AStar,8,28,n/a,23.487521000788547,254,267.08326112068534
AStar,8,29,n/a,23.28679000129341,253,266.0832611206853
AStar,8,30,n/a,21.969050998450257,252,265.0832611206853
AStar,8,31,n/a,21.940374997939216,251,264.0832611206853
AStar,8,32,n/a,22.529542999109253,250,263.0832611206853
AStar,8,33,n/a,22.715663999406388,249,262.0832611206853
AStar,8,34,n/a,22.007390998624032,248,261.0832611206853
AStar,8,35,n/a,20.56357699984801,247,260.0832611206852
AStar,8,36,n/a,21.70108299833373,246,259.0832611206852
AStar,8,37,n/a,22.231399998418055,245,258.0832611206852
AStar,8,38,n/a,20.576036000420572,244,257.0832611206852
AStar,8,39,n/a,20.74244799950975,243,256.0832611206852
AStar,8,40,n/a,21.269573000608943,242,255.08326112068522
AStar,8,41,n/a,21.49012500012759,241,254.08326112068522
AStar,8,42,n/a,22.630682000453817,240,253.08326112068522
AStar,8,43,n/a,20.8221520006191,239,252.08326112068522
AStar,8,44,n/a,20.580159998644376,238,251.08326112068522
AStar,8,45,n/a,20.443195000552805,237,250.08326112068522
AStar,8,46,n/a,19.96001699808403,236,249.08326112068522
AStar,8,47,n/a,20.19839199783746,235,248.08326112068522
AStar,8,48,n/a,21.502694002265343,234,247.08326112068522
AStar,8,49,n/a,19.20522799991886,233,246.08326112068522
AStar,8,50,n/a,20.697749001556076,232,245.08326112068522
AStar,8,51,n/a,20.339236998552224,231,244.08326112068522
AStar,8,52,n/a,19.989193002402317,230,243.08326112068522
AStar,8,53,n/a,21.3002359996608,229,242.08326112068522
AStar,8,54,n/a,18.135152000468224,228,241.08326112068522
AStar,8,55,n/a,20.429552998393774,227,240.08326112068522
AStar,8,56,n/a,18.99181300177588,226,239.08326112068522
AStar,8,57,n/a,19.835530998534523,225,238.08326112068522
AStar,8,58,n/a,18.81713100010529,224,237.08326112068522
AStar,8,59,n/a,19.044583998038433,223,236.08326112068522
AStar,8,60,n/a,17.150570998637704,222,235.08326112068522
AStar,8,61,n/a,18.843809000827605,221,234.08326112068522
AStar,8,62,n/a,19.137802999466658,220,233.08326112068522
AStar,8,63,n/a,16.60850800180924,219,232.08326112068522
AStar,8,64,n/a,18.627730998559855,218,231.08326112068522
AStar,8,65,n/a,17.980527998588514,217,230.08326112068522
AStar,8,66,n/a,17.59045899962075,216,229.08326112068522
AStar,8,67,n/a,16.230111999902874,215,228.08326112068522
AStar,8,68,n/a,19.72317000036128,214,227.08326112068522
AStar,8,69,n/a,17.71722700141254,213,226.08326112068522
AStar,8,70,n/a,17.77288000084809,212,225.08326112068522
AStar,8,71,n/a,16.514268001628807,211,224.08326112068522
AStar,8,72,n/a,17.754445998434676,210,223.08326112068522
AStar,8,73,n/a,17.53050800107303,209,222.08326112068522
AStar,8,74,n/a,16.017093999835197,208,221.08326112068522
AStar,8,75,n/a,16.981544002192095,207,220.08326112068522
AStar,8,76,n/a,17.087277003156487,206,219.08326112068522
AStar,8,77,n/a,16.204996001761174,205,218.08326112068522
AStar,8,78,n/a,18.862402001104783,204,217.08326112068522
AStar,8,79,n/a,17.089810000470607,203,216.08326112068522
AStar,8,80,n/a,16.71691099909367,202,215.08326112068522
AStar,8,81,n/a,16.852298998855986,201,214.08326112068525
AStar,8,82,n/a,16.189179998036707,200,213.08326112068525
AStar,8,83,n/a,16.169388996786438,199,212.08326112068525
AStar,8,84,n/a,17.579181996552506,198,211.08326112068528
AStar,8,85,n/a,15.845001998968655,197,210.08326112068528
AStar,8,86,n/a,14.927387001080206,196,209.08326112068528
AStar,8,87,n/a,15.2321599998686,195,208.08326112068528
AStar,8,88,n/a,15.815004000614863,194,207.08326112068528
AStar,8,89,n/a,14.455135999014601,193,206.08326112068528
AStar,8,90,n/a,14.656639999884646,192,205.08326112068528
AStar,8,91,n/a,14.469763002125546,191,204.08326112068528
AStar,8,92,n/a,13.821123000525404,190,203.08326112068528
AStar,8,93,n/a,14.457607998338062,189,202.08326112068528
AStar,8,94,n/a,14.635565003118245,188,201.08326112068528
AStar,8,95,n/a,14.582029998564394,187,200.08326112068528
AStar,8,96,n/a,13.788151001790538,186,199.08326112068528
AStar,8,97,n/a,13.689311002963223,185,198.08326112068528
AStar,8,98,n/a,14.258658000471769,184,197.08326112068528
AStar,8,99,n/a,17.55129099910846,183,196.08326112068528
AStar,8,100,n/a,13.996740999573376,182,195.08326112068528
AStar,8,101,n/a,15.112925997527782,181,194.08326112068528
AStar,8,102,n/a,15.159709000727162,180,193.08326112068528
AStar,8,103,n/a,13.64055200247094,179,192.08326112068528
AStar,8,104,n/a,13.32375700076227,178,190.66904755831217
AStar,8,105,n/a,13.018748999456875,178,190.66904755831217
AStar,8,106,n/a,14.509986998746172,177,189.2548339959391
AStar,8,107,n/a,12.079760999768041,176,187.840620433566
AStar,8,108,n/a,12.40715300082229,176,187.840620433566
AStar,8,109,n/a,13.276395999127999,175,186.4264068711929
AStar,8,110,n/a,11.961434000113513,174,185.0121933088198
AStar,8,111,n/a,12.971012001798954,174,185.0121933088198
AStar,8,112,n/a,13.158567999198567,173,183.5979797464467
AStar,8,113,n/a,11.509055002534296,172,182.1837661840736
AStar,8,114,n/a,11.980438001046423,172,182.1837661840736
AStar,8,115,n/a,11.875411997607443,171,180.7695526217005
AStar,8,116,n/a,11.804318000940839,170,179.35533905932743
AStar,8,117,n/a,12.624744002096122,170,179.35533905932743
AStar,8,118,n/a,11.962913999013836,169,177.94112549695433
AStar,8,119,n/a,11.207353003555909,168,176.52691193458122
AStar,8,120,n/a,12.538410002889577,168,176.52691193458122
AStar,8,121,n/a,12.080238997441484,167,175.11269837220811
AStar,8,122,n/a,11.654219997581095,166,173.69848480983504
AStar,8,123,n/a,11.948272000154248,166,173.69848480983504
AStar,8,124,n/a,12.371120999887353,165,172.28427124746196
AStar,8,125,n/a,11.380636002286337,164,170.87005768508885
AStar,8,126,n/a,12.025007999909576,164,170.87005768508885
AStar,8,127,n/a,11.349316999258008,163,169.45584412271577
AStar,8,128,n/a,11.22204400235205,162,168.04163056034267
AStar,8,129,n/a,13.394626999797765,161,167.04163056034267
AStar,8,130,n/a,11.519488001795253,160,166.0416305603427
AStar,8,131,n/a,12.468932000047062,159,165.0416305603427
AStar,8,132,n/a,11.071461998653831,158,164.0416305603427
AStar,8,133,n/a,11.147336001158692,157,163.0416305603427
AStar,8,134,n/a,12.745439998980146,156,162.0416305603427
AStar,8,135,n/a,11.706123001204105,155,161.0416305603427
AStar,8,136,n/a,11.332742997183232,154,160.0416305603427
AStar,8,137,n/a,11.002258001099108,153,159.0416305603427
AStar,8,138,n/a,10.965565998048987,152,158.0416305603427
AStar,8,139,n/a,11.06282999899122,151,157.0416305603427
AStar,8,140,n/a,11.511336000694428,150,156.0416305603427
AStar,8,141,n/a,11.523408000357449,149,155.0416305603427
AStar,8,142,n/a,11.717395998857683,148,154.0416305603427
AStar,8,143,n/a,12.26483400023426,147,153.0416305603427
AStar,8,144,n/a,11.159595000208355,146,152.0416305603427
AStar,8,145,n/a,11.700957002176438,145,151.0416305603427
AStar,8,146,n/a,11.293444997136248,144,150.0416305603427
AStar,8,147,n/a,10.983214997395407,143,149.0416305603427
AStar,8,148,n/a,11.62239299810608,142,148.0416305603427
AStar,8,149,n/a,11.832525000500027,141,147.0416305603427
AStar,8,150,n/a,11.290061000181595,140,146.0416305603427
AStar,8,151,n/a,10.908381002082024,139,145.0416305603427
AStar,8,152,n/a,10.945169000478927,138,144.0416305603427
AStar,8,153,n/a,11.040387998946244,138,143.6274169979696
AStar,8,154,n/a,12.656275001063477,137,142.6274169979696
AStar,8,155,n/a,10.38463900113129,136,141.21320343559648
AStar,8,156,n/a,10.644762998708757,136,141.21320343559648
AStar,8,157,n/a,11.712958999851253,135,139.7989898732234
AStar,8,158,n/a,10.651233998942189,134,138.3847763108503
AStar,8,159,n/a,11.074987000029068,134,138.3847763108503
AStar,8,160,n/a,12.37005100119859,133,136.97056274847722
AStar,8,161,n/a,11.865447002492147,132,135.55634918610411
AStar,8,162,n/a,11.036676001822343,132,135.55634918610411
AStar,8,163,n/a,11.00478300213581,131,134.142135623731
AStar,8,164,n/a,11.756171999877552,130,132.7279220613579
AStar,8,165,n/a,10.471243000210961,130,132.7279220613579
AStar,8,166,n/a,12.144648997491458,129,131.31370849898477
AStar,8,167,n/a,10.488460000487976,128,129.89949493661166
AStar,8,168,n/a,10.605255996779306,128,129.89949493661166
AStar,8,169,n/a,11.620455999945989,127,128.48528137423855
AStar,8,170,n/a,10.810908002895303,126,127.48528137423855
AStar,8,171,n/a,10.731173999374732,125,126.48528137423855
AStar,8,172,n/a,10.76475400259369,124,125.48528137423855
AStar,8,173,n/a,10.779117998026777,123,124.48528137423855
AStar,8,174,n/a,10.275401997205336,122,123.48528137423855
AStar,8,175,n/a,11.714741001924267,121,122.48528137423855
AStar,8,176,n/a,10.46940499873017,120,121.48528137423855
AStar,8,177,n/a,10.341913999582175,119,120.48528137423855
AStar,8,178,n/a,10.867461998714134,118,119.48528137423855
AStar,8,179,n/a,12.311464997765142,117,118.48528137423855
AStar,8,180,n/a,10.527290000027278,116,117.48528137423855
AStar,8,181,n/a,9.386951998749282,115,116.48528137423855
AStar,8,182,n/a,12.283599997317651,114,115.48528137423855
AStar,8,183,n/a,10.712467003031634,113,114.48528137423855
AStar,8,184,n/a,10.430853999423562,112,113.48528137423855
AStar,8,185,n/a,10.769175001769327,111,112.48528137423855
AStar,8,186,n/a,10.68385600228794,110,111.48528137423855
AStar,8,187,n/a,10.57259899971541,109,110.48528137423855
AStar,8,188,n/a,11.29901899912511,108,109.48528137423855
AStar,8,189,n/a,9.950307998224162,107,108.48528137423855
AStar,8,190,n/a,9.968992999347392,106,107.48528137423855
AStar,8,191,n/a,11.242472999583697,105,106.48528137423855
AStar,8,192,n/a,9.706002001621528,104,105.48528137423855
AStar,8,193,n/a,9.592791000613943,103,104.48528137423855
AStar,8,194,n/a,12.034192001010524,102,103.48528137423855
AStar,8,195,n/a,10.08788299805019,101,102.48528137423855
AStar,8,196,n/a,10.172310001507867,100,101.48528137423855
AStar,8,197,n/a,10.636371000146028,99,100.48528137423855
AStar,8,198,n/a,9.86289199863677,98,99.48528137423855
AStar,8,199,n/a,9.977339999750257,97,98.48528137423855
AStar,9,0,n/a,63.69435599845019,281,301.5391052434012
AStar,9,1,n/a,32.54978300174116,281,301.5391052434012
AStar,9,2,n/a,30.4598540024017,280,300.5391052434012
AStar,9,3,n/a,30.885260002833093,279,299.53910524340114
AStar,9,4,n/a,29.91136100172298,278,298.53910524340114
AStar,9,5,n/a,29.587491000711452,277,297.53910524340114
AStar,9,6,n/a,32.47906999968109,276,296.5391052434011
AStar,9,7,n/a,31.24087700052769,275,295.5391052434011
AStar,9,8,n/a,29.63396800259943,274,294.5391052434011
AStar,9,9,n/a,27.970009999989998,273,293.5391052434011
AStar,9,10,n/a,30.509807998896576,272,292.5391052434011
AStar,9,11,n/a,30.310621001262916,271,291.5391052434011
AStar,9,12,n/a,28.457010001147864,270,290.5391052434011
AStar,9,13,n/a,29.892167000070913,269,289.5391052434011
AStar,9,14,n/a,28.316207997704623,268,288.539105243401
AStar,9,15,n/a,28.905833001772407,267,287.539105243401
AStar,9,16,n/a,27.80449000056251,266,286.539105243401
AStar,9,17,n/a,27.977993002423318,265,285.53910524340097
AStar,9,18,n/a,28.360120002616895,264,284.53910524340097
AStar,9,19,n/a,27.15496500240988,263,283.53910524340097
AStar,9,20,n/a,27.640897998935543,262,282.53910524340097
AStar,9,21,n/a,27.86667399777798,261,281.53910524340097
AStar,9,22,n/a,25.468718002230162,260,280.53910524340097
AStar,9,23,n/a,27.251785002590623,259,279.53910524340097
AStar,9,24,n/a,27.196546998311533,258,278.53910524340097
AStar,9,25,n/a,25.58159999898635,257,277.5391052434009
AStar,9,26,n/a,25.716424999700394,256,276.5391052434009
AStar,9,27,n/a,26.265966000210028,255,275.5391052434009
AStar,9,28,n/a,25.90134400088573,254,274.53910524340097
AStar,9,29,n/a,25.25399899968761,253,273.53910524340097
AStar,9,30,n/a,26.017046999186277,252,272.53910524340097
AStar,9,31,n/a,24.13847899879329,251,271.53910524340097
AStar,9,32,n/a,26.33446300023934,250,270.53910524340097
AStar,9,33,n/a,25.736886000231607,249,269.53910524340097
AStar,9,34,n/a,23.313659999985248,248,268.53910524340097
AStar,9,35,n/a,25.694059000670677,247,267.53910524340097
AStar,9,36,n/a,24.616942002467113,246,266.53910524340097
AStar,9,37,n/a,25.240781000320567,245,265.53910524340097
AStar,9,38,n/a,24.427398999250727,244,264.53910524340097
AStar,9,39,n/a,23.392184000840643,243,263.53910524340097
AStar,9,40,n/a,23.517040001024725,242,262.53910524340097
AStar,9,41,n/a,38.63098699730472,241,261.53910524340097
AStar,9,42,n/a,22.895920999872033,240,260.53910524340097
AStar,9,43,n/a,24.855335999745876,239,259.53910524340097
AStar,9,44,n/a,22.624277997238096,238,258.53910524340097
AStar,9,45,n/a,23.36446600020281,237,257.53910524340097
AStar,9,46,n/a,23.277443997358205,236,256.53910524340097
AStar,9,47,n/a,22.630742998444475,235,255.53910524340097
AStar,9,48,n/a,23.464923000574345,234,254.53910524340097
AStar,9,49,n/a,21.355514996685088,233,253.53910524340097
AStar,9,50,n/a,21.782515999802854,232,252.53910524340097
AStar,9,51,n/a,22.896911999851,231,251.53910524340097
AStar,9,52,n/a,22.991663998254808,230,250.53910524340097
AStar,9,53,n/a,20.422187000804115,229,249.53910524340097
AStar,9,54,n/a,22.30112600227585,228,248.53910524340097
AStar,9,55,n/a,21.274500999425072,227,247.539105243401
AStar,9,56,n/a,21.65630400122609,226,246.539105243401
AStar,9,57,n/a,20.86853900254937,225,245.539105243401
AStar,9,58,n/a,22.471280997706344,224,244.53910524340102
AStar,9,59,n/a,20.6623820013192,223,243.12489168102792
AStar,9,60,n/a,19.79287400172325,223,243.12489168102792
AStar,9,61,n/a,20.766216999618337,222,241.7106781186548
AStar,9,62,n/a,20.117009997193236,221,240.2964645562817
AStar,9,63,n/a,20.582880002621096,221,240.2964645562817
AStar,9,64,n/a,20.13098699899274,220,238.8822509939086
AStar,9,65,n/a,22.02213800046593,219,237.46803743153552
AStar,9,66,n/a,21.219754999037832,219,237.46803743153552
AStar,9,67,n/a,19.553320998966228,218,236.05382386916244
AStar,9,68,n/a,20.43575000061537,217,234.63961030678934
AStar,9,69,n/a,19.70883700050763,217,234.63961030678934
AStar,9,70,n/a,20.288636998884613,216,233.22539674441623
AStar,9,71,n/a,20.85681499738712,215,231.81118318204312
AStar,9,72,n/a,19.701339002494933,215,231.81118318204312
AStar,9,73,n/a,20.75882799908868,214,230.39696961967005
AStar,9,74,n/a,19.982369001809275,213,228.98275605729697
AStar,9,75,n/a,20.593059998645913,213,228.98275605729697
AStar,9,76,n/a,20.27676999932737,212,227.56854249492386
AStar,9,77,n/a,19.01241000086884,211,226.15432893255075
AStar,9,78,n/a,20.21921800042037,211,226.15432893255075
AStar,9,79,n/a,19.32765400124481,210,224.74011537017765
AStar,9,80,n/a,20.15792699967278,209,223.32590180780454
AStar,9,81,n/a,19.768105001276126,209,223.32590180780454
AStar,9,82,n/a,18.13395300268894,208,221.9116882454314
AStar,9,83,n/a,18.898959999205545,207,220.4974746830583
AStar,9,84,n/a,18.158975002734223,207,220.4974746830583
AStar,9,85,n/a,17.486880999058485,206,219.0832611206852
AStar,9,86,n/a,17.69614400109276,205,217.6690475583121
AStar,9,87,n/a,18.899126000178512,205,217.6690475583121
AStar,9,88,n/a,17.105335002270294,204,216.25483399593898
AStar,9,89,n/a,18.84813799915719,203,214.84062043356587
AStar,9,90,n/a,18.17499399840017,203,214.84062043356587
AStar,9,91,n/a,19.156271999236196,202,213.4264068711928
AStar,9,92,n/a,18.42542200029129,201,212.0121933088197
AStar,9,93,n/a,17.881037998449756,201,212.0121933088197
AStar,9,94,n/a,18.63142599904677,200,210.59797974644658
AStar,9,95,n/a,16.835368998727063,199,209.18376618407348
AStar,9,96,n/a,18.471437000698643,199,209.18376618407348
AStar,9,97,n/a,17.125637998105958,198,207.7695526217004
AStar,9,98,n/a,18.217028002254665,197,206.7695526217004
AStar,9,99,n/a,17.10365299732075,196,205.7695526217004
AStar,9,100,n/a,18.932421000499744,195,204.7695526217004
AStar,9,101,n/a,17.559418000018923,194,203.76955262170043
AStar,9,102,n/a,18.479090998880565,193,202.76955262170043
AStar,9,103,n/a,18.898946000263095,192,201.76955262170043
AStar,9,104,n/a,16.87781299915514,191,200.76955262170043
AStar,9,105,n/a,18.812565998814534,190,199.76955262170043
AStar,9,106,n/a,16.497243999765487,189,198.76955262170043
AStar,9,107,n/a,18.620785001985496,188,197.76955262170043
AStar,9,108,n/a,17.44139400034328,187,196.76955262170043
AStar,9,109,n/a,18.007319999014726,186,195.76955262170043
AStar,9,110,n/a,18.00324799842201,185,194.76955262170043
AStar,9,111,n/a,18.42991100056679,184,193.76955262170043
AStar,9,112,n/a,17.5966189999599,183,192.76955262170043
AStar,9,113,n/a,18.624607000674587,182,191.76955262170043
AStar,9,114,n/a,18.75285200003418,181,190.76955262170043
AStar,9,115,n/a,16.36134900036268,180,189.76955262170043
AStar,9,116,n/a,19.196798999473685,179,188.76955262170043
AStar,9,117,n/a,17.60172799913562,178,187.76955262170043
AStar,9,118,n/a,18.709164000028977,177,186.76955262170043
AStar,9,119,n/a,17.56876899889903,176,185.76955262170043
AStar,9,120,n/a,16.65294200211065,175,184.76955262170043
AStar,9,121,n/a,16.9259369977226,174,183.76955262170046
AStar,9,122,n/a,19.282991001091432,173,182.76955262170046
AStar,9,123,n/a,17.563448996952502,172,181.76955262170046
AStar,9,124,n/a,17.637744997045957,171,180.76955262170046
AStar,9,125,n/a,17.73207599762827,170,179.76955262170046
AStar,9,126,n/a,19.014364999748068,169,178.76955262170046
AStar,9,127,n/a,18.261610999616096,168,177.76955262170046
AStar,9,128,n/a,17.163469001388876,167,176.76955262170046
AStar,9,129,n/a,18.035572000371758,166,175.76955262170046
AStar,9,130,n/a,16.807378000521567,165,174.76955262170046
AStar,9,131,n/a,18.420486001559766,164,173.76955262170046
AStar,9,132,n/a,17.324224001640687,163,172.35533905932738
AStar,9,133,n/a,18.18848800030537,163,172.35533905932738
AStar,9,134,n/a,16.943449998507276,162,170.94112549695427
AStar,9,135,n/a,16.599325001152465,161,169.52691193458116
AStar,9,136,n/a,17.26414999939152,161,169.52691193458116
AStar,9,137,n/a,16.95734999884735,160,168.11269837220806
AStar,9,138,n/a,16.741413997806376,159,166.69848480983498
AStar,9,139,n/a,17.575903002580162,159,166.69848480983498
AStar,9,140,n/a,22.690295001666527,158,165.28427124746187
AStar,9,141,n/a,17.22108399917488,157,163.8700576850888
AStar,9,142,n/a,17.805193001549924,157,163.8700576850888
AStar,9,143,n/a,16.9072939970647,156,162.4558441227157
AStar,9,144,n/a,17.402506000507856,155,161.04163056034258
AStar,9,145,n/a,16.377894000470405,155,161.04163056034258
AStar,9,146,n/a,15.697934999479912,154,159.6274169979695
AStar,9,147,n/a,17.047708002792206,153,158.2132034355964
AStar,9,148,n/a,16.268289000436198,153,158.2132034355964
AStar,9,149,n/a,14.87669400012237,152,156.79898987322332
AStar,9,150,n/a,13.95639700058382,151,155.3847763108502
AStar,9,151,n/a,15.05779299986898,151,155.3847763108502
AStar,9,152,n/a,13.90414599882206,150,153.9705627484771
AStar,9,153,n/a,14.93943199966452,149,152.55634918610403
AStar,9,154,n/a,12.079595002433052,149,152.55634918610403
AStar,9,155,n/a,12.362631001451518,148,151.14213562373092
AStar,9,156,n/a,11.690526000165846,147,149.72792206135784
AStar,9,157,n/a,11.40291900082957,146,148.72792206135784
AStar,9,158,n/a,12.572223000461236,145,147.72792206135784
AStar,9,159,n/a,12.114306999137625,144,146.72792206135784
AStar,9,160,n/a,11.35819800038007,143,145.72792206135784
AStar,9,161,n/a,11.459388999355724,142,144.72792206135784
AStar,9,162,n/a,12.665877999097575,141,143.72792206135784
AStar,9,163,n/a,11.959564999415306,140,142.72792206135784
AStar,9,164,n/a,13.13327700336231,139,141.72792206135784
AStar,9,165,n/a,11.351457000273513,138,140.72792206135784
AStar,9,166,n/a,11.186720999830868,137,139.72792206135784
AStar,9,167,n/a,12.502499997935956,136,138.72792206135784
AStar,9,168,n/a,11.592065999138867,135,137.72792206135784
AStar,9,169,n/a,12.716868997813435,134,136.72792206135784
AStar,9,170,n/a,12.168834000476636,133,135.72792206135784
AStar,9,171,n/a,11.813752997113625,132,134.72792206135784
AStar,9,172,n/a,13.062112000625348,131,133.72792206135784
AStar,9,173,n/a,10.920038999756798,130,132.72792206135784
AStar,9,174,n/a,11.334639999404317,129,131.72792206135784
AStar,9,175,n/a,12.29007500296575,128,130.72792206135784
AStar,9,176,n/a,11.203833997569745,127,129.72792206135784
AStar,9,177,n/a,11.528753999300534,126,128.72792206135784
AStar,9,178,n/a,11.92060399989714,125,127.72792206135784
AStar,9,179,n/a,13.484805000189226,124,126.72792206135784
AStar,9,180,n/a,12.418985999829601,123,125.72792206135784
AStar,9,181,n/a,11.975524997978937,122,124.72792206135784
AStar,9,182,n/a,11.380398998880992,121,123.72792206135784
AStar,9,183,n/a,12.349100998108042,120,122.72792206135786
AStar,9,184,n/a,11.30548900255235,119,121.72792206135786
AStar,9,185,n/a,11.466347001260146,118,120.72792206135786
AStar,9,186,n/a,12.998680002056062,117,119.72792206135786
AStar,9,187,n/a,10.90848400053801,116,118.72792206135786
AStar,9,188,n/a,12.365056998532964,115,117.72792206135786
AStar,9,189,n/a,12.971291998837842,114,116.72792206135786
AStar,9,190,n/a,10.888313998293597,113,115.72792206135786
AStar,9,191,n/a,11.377020997315412,112,114.72792206135786
AStar,9,192,n/a,12.233006000315072,113,115.72792206135786
AStar,9,193,n/a,11.635473998467205,112,114.72792206135786
AStar,9,194,n/a,10.25794599991059,111,113.31370849898477
AStar,9,195,n/a,11.336405001202365,110,112.31370849898477
AStar,9,196,n/a,11.6497229973902,109,111.31370849898477
AStar,9,197,n/a,11.560316997929476,108,110.31370849898477
AStar,9,198,n/a,12.685657002293738,107,109.31370849898477
AStar,9,199,n/a,10.863851999602048,106,108.31370849898477
DStarLite,0,0,full_init,123.32913900172571,281,286.6274169979696
DStarLite,0,1,incremental,1.363026000035461,281,286.6274169979696
DStarLite,0,2,incremental,1.4956720006011892,280,285.6274169979696
DStarLite,0,3,incremental,1.38411000079941,279,284.6274169979696
DStarLite,0,4,incremental,1.2891830010630656,278,283.6274169979696
DStarLite,0,5,incremental,1.3535149992094375,277,282.6274169979696
DStarLite,0,6,incremental,1.4522739984386135,276,281.6274169979696
DStarLite,0,7,incremental,1.4663100009784102,275,280.6274169979696
DStarLite,0,8,incremental,1.4430029987124726,274,279.6274169979696
DStarLite,0,9,incremental,1.4793029986321926,273,278.6274169979696
DStarLite,0,10,incremental,1.3501930006896146,272,277.6274169979696
DStarLite,0,11,incremental,1.4109010007814504,271,276.6274169979696
DStarLite,0,12,incremental,1.2982650005142204,270,275.6274169979696
DStarLite,0,13,incremental,1.295805999689037,269,274.62741699796953
DStarLite,0,14,incremental,1.4687750008306466,268,273.62741699796953
DStarLite,0,15,incremental,1.2915840015921276,267,272.62741699796953
DStarLite,0,16,incremental,1.327684996795142,266,271.6274169979695
DStarLite,0,17,incremental,1.652811999520054,265,270.6274169979695
DStarLite,0,18,incremental,1.3410489991656505,264,269.6274169979695
DStarLite,0,19,incremental,1.2832030006393325,263,268.6274169979695
DStarLite,0,20,incremental,1.3164609990781173,262,267.6274169979695
DStarLite,0,21,incremental,1.2884269999631215,261,266.6274169979695
DStarLite,0,22,incremental,1.2571320003189612,260,265.6274169979695
DStarLite,0,23,incremental,1.2981379986740649,259,264.6274169979695
DStarLite,0,24,incremental,1.2486589985201135,258,263.6274169979695
DStarLite,0,25,incremental,1.3060969977232162,257,262.6274169979695
DStarLite,0,26,incremental,1.2722270002996083,256,261.6274169979695
DStarLite,0,27,incremental,1.2207449981360696,255,260.6274169979695
DStarLite,0,28,incremental,1.2498449978011195,254,259.6274169979695
DStarLite,0,29,incremental,1.5777440021338407,253,258.6274169979695
DStarLite,0,30,incremental,1.3767460004601162,252,257.6274169979695
DStarLite,0,31,incremental,1.535295999929076,251,256.6274169979695
DStarLite,0,32,incremental,1.7687150029814802,250,255.6274169979695
DStarLite,0,33,incremental,1.7359570010739844,249,254.6274169979695
DStarLite,0,34,incremental,1.7010439987643622,248,253.6274169979695
DStarLite,0,35,incremental,1.375265001115622,247,252.6274169979695
DStarLite,0,36,incremental,1.2773449998348951,246,251.6274169979695
DStarLite,0,37,incremental,1.2380820007820148,245,250.6274169979695
DStarLite,0,38,incremental,1.1898659977305215,244,249.6274169979695
DStarLite,0,39,incremental,1.1733419996744487,243,248.6274169979695
DStarLite,0,40,incremental,1.2589799989655148,242,247.6274169979695
DStarLite,0,41,incremental,1.190416998724686,241,246.6274169979695
DStarLite,0,42,incremental,1.2203549995319918,240,245.6274169979695
DStarLite,0,43,incremental,1.2227260012878105,239,244.6274169979695
DStarLite,0,44,incremental,1.2116739999328274,238,243.6274169979695
DStarLite,0,45,incremental,1.4241370008676313,237,242.6274169979695
DStarLite,0,46,incremental,1.4003010001033545,236,241.6274169979695
DStarLite,0,47,incremental,1.2994789976801258,235,240.6274169979695
DStarLite,0,48,incremental,1.2367310009722132,234,239.6274169979695
DStarLite,0,49,incremental,1.2639259985007811,233,238.6274169979695
DStarLite,0,50,incremental,1.230146997841075,232,237.6274169979695
DStarLite,0,51,incremental,1.207536999572767,231,236.6274169979695
DStarLite,0,52,incremental,1.2994539974897634,230,235.6274169979695
DStarLite,0,53,incremental,1.2978889972146135,229,234.6274169979695
DStarLite,0,54,incremental,1.318645001447294,228,233.6274169979695
DStarLite,0,55,incremental,1.3050889974692836,227,232.6274169979695
DStarLite,0,56,incremental,1.6858859999047127,226,231.6274169979695
DStarLite,0,57,incremental,1.579113999468973,225,230.6274169979695
DStarLite,0,58,incremental,1.685569000983378,224,229.6274169979695
DStarLite,0,59,incremental,1.955144001840381,223,228.6274169979695
DStarLite,0,60,incremental,1.2238059971423354,222,227.6274169979695
DStarLite,0,61,incremental,1.1091329979535658,221,226.6274169979695
DStarLite,0,62,incremental,1.074153999070404,220,225.6274169979695
DStarLite,0,63,incremental,1.0865980002563447,219,224.6274169979695
DStarLite,0,64,incremental,1.044145999912871,218,223.6274169979695
DStarLite,0,65,incremental,1.0514799978409428,217,222.6274169979695
DStarLite,0,66,incremental,1.0659079998731613,216,221.6274169979695
DStarLite,0,67,incremental,1.0312759986845776,215,220.6274169979695
DStarLite,0,68,incremental,1.1710950020642485,214,219.6274169979695
DStarLite,0,69,incremental,1.029890998324845,213,218.6274169979695
DStarLite,0,70,incremental,1.0016810010711197,212,217.6274169979695
DStarLite,0,71,incremental,1.1462849979579914,211,216.6274169979695
DStarLite,0,72,incremental,1.0036989988293499,210,215.6274169979695
DStarLite,0,73,incremental,1.0073699995700736,209,214.6274169979695
DStarLite,0,74,incremental,0.9874490024230909,208,213.6274169979695
DStarLite,0,75,incremental,1.006549999146955,207,212.6274169979695
DStarLite,0,76,incremental,0.9602200007066131,206,211.6274169979695
DStarLite,0,77,incremental,1.0296290020050947,205,210.6274169979695
DStarLite,0,78,incremental,1.0008019999077078,204,209.6274169979695
DStarLite,0,79,incremental,1.1281910010438878,203,208.62741699796953
DStarLite,0,80,incremental,1.0901880013989285,202,207.62741699796953
DStarLite,0,81,incremental,1.1226360002183355,201,206.6274169979695
DStarLite,0,82,incremental,0.9864169987849891,200,205.62741699796953
DStarLite,0,83,incremental,0.9782390006876085,199,204.62741699796953
DStarLite,0,84,incremental,0.9877870033960789,198,203.62741699796953
DStarLite,0,85,incremental,1.2475130024540704,197,202.62741699796953
DStarLite,0,86,incremental,1.1886860011145473,196,201.62741699796953
DStarLite,0,87,incremental,0.960795001446968,195,200.62741699796953
DStarLite,0,88,incremental,1.1207409988855943,194,199.62741699796953
DStarLite,0,89,incremental,1.460031999158673,193,198.62741699796953
DStarLite,0,90,incremental,1.1803289999079425,192,197.62741699796953
DStarLite,0,91,incremental,0.9546710025460925,191,196.62741699796953
DStarLite,0,92,incremental,1.079683002899401,190,195.62741699796953
DStarLite,0,93,incremental,1.1870119997183792,189,194.62741699796953
DStarLite,0,94,incremental,0.9233240016328637,188,193.62741699796953
DStarLite,0,95,incremental,1.0812590007844847,187,192.62741699796953
DStarLite,0,96,incremental,0.9059980002348311,186,191.62741699796953
DStarLite,0,97,incremental,0.9712749997561332,185,190.62741699796953
DStarLite,0,98,incremental,1.0331710000173189,184,189.62741699796953
DStarLite,0,99,incremental,0.9318760021415073,183,188.62741699796953
DStarLite,0,100,incremental,0.9172409991151653,182,187.62741699796953
DStarLite,0,101,incremental,0.9025439976539928,181,186.62741699796953
DStarLite,0,102,incremental,0.8777969997026958,180,185.62741699796953
DStarLite,0,103,incremental,0.872220000019297,179,184.62741699796953
DStarLite,0,104,incremental,0.8690909999131691,178,183.62741699796953
DStarLite,0,105,incremental,0.8773240006121341,177,182.62741699796953
DStarLite,0,106,incremental,0.8787759979895782,176,181.62741699796953
DStarLite,0,107,incremental,0.8691729999554809,175,180.6274169979695
DStarLite,0,108,incremental,0.90539599841577,174,179.6274169979695
DStarLite,0,109,incremental,1.1302729981252924,173,178.6274169979695
DStarLite,0,110,incremental,0.842822999402415,172,177.21320343559643
DStarLite,0,111,incremental,0.823414000478806,172,177.21320343559643
DStarLite,0,112,incremental,0.814491999335587,171,175.79898987322332
DStarLite,0,113,incremental,0.834088001283817,170,174.38477631085024
DStarLite,0,114,incremental,0.8335899983649142,170,174.38477631085024
DStarLite,0,115,incremental,0.8247990008385386,169,172.97056274847714
DStarLite,0,116,incremental,0.8631189994048327,168,171.55634918610406
DStarLite,0,117,incremental,0.9231580006598961,168,171.55634918610406
DStarLite,0,118,incremental,0.8791109976300504,167,170.14213562373095
DStarLite,0,119,incremental,0.8254009990196209,166,168.72792206135784
DStarLite,0,120,incremental,0.8881360008672345,166,168.72792206135784
DStarLite,0,121,incremental,0.883464002981782,165,167.31370849898477
DStarLite,0,122,incremental,0.9082649994525127,164,166.31370849898477
DStarLite,0,123,incremental,0.9177899992209859,163,165.31370849898477
DStarLite,0,124,incremental,0.8438650002062786,162,164.31370849898477
DStarLite,0,125,incremental,0.8375319994229358,161,163.31370849898477
DStarLite,0,126,incremental,0.9211230026267003,160,162.31370849898477
DStarLite,0,127,incremental,1.1675040004774928,159,161.31370849898477
DStarLite,0,128,incremental,0.9013980015879497,158,160.31370849898477
DStarLite,0,129,incremental,0.9157780004898086,157,159.31370849898477
DStarLite,0,130,incremental,0.848657000460662,156,158.31370849898477
DStarLite,0,131,incremental,0.9777900013432372,155,157.31370849898477
DStarLite,0,132,incremental,0.9305669991590548,154,156.31370849898477
DStarLite,0,133,incremental,1.1542539978108834,153,155.31370849898477
DStarLite,0,134,incremental,1.0427590023027733,152,154.31370849898474
DStarLite,0,135,incremental,1.1129960003017914,151,153.31370849898474
DStarLite,0,136,incremental,1.0595519997878,150,152.31370849898474
DStarLite,0,137,incremental,0.9406159988429863,149,151.31370849898474
DStarLite,0,138,incremental,0.7801229985489044,148,149.89949493661166
DStarLite,0,139,incremental,0.7693930019740947,148,149.89949493661166
DStarLite,0,140,incremental,0.7635210022272076,147,148.48528137423858
DStarLite,0,141,incremental,0.7434360013576224,146,147.07106781186548
DStarLite,0,142,incremental,0.7457489991793409,146,147.07106781186548
DStarLite,0,143,incremental,0.7500319989048876,145,145.65685424949237
DStarLite,0,144,incremental,0.8435160016233567,144,144.24264068711926
DStarLite,0,145,incremental,0.737923000997398,144,144.24264068711926
DStarLite,0,146,incremental,0.7163279988162685,143,142.82842712474618
DStarLite,0,147,incremental,0.7514179997087922,142,141.82842712474618
DStarLite,0,148,incremental,0.7813759984856006,141,140.82842712474618
DStarLite,0,149,incremental,0.747764999687206,140,139.82842712474618
DStarLite,0,150,incremental,0.7568100008938927,139,138.82842712474618
DStarLite,0,151,incremental,0.7437409985868726,138,137.82842712474618
DStarLite,0,152,incremental,0.8239169983426109,137,136.82842712474618
DStarLite,0,153,incremental,0.7561909987998661,136,135.82842712474618
DStarLite,0,154,incremental,0.7947670019348152,135,134.82842712474618
DStarLite,0,155,incremental,0.7458030013367534,134,133.82842712474618
DStarLite,0,156,incremental,0.7869379987823777,133,132.82842712474618
DStarLite,0,157,incremental,0.73079999856418,132,131.82842712474618
DStarLite,0,158,incremental,0.8761659992160276,131,130.82842712474618
DStarLite,0,159,incremental,0.6901149972691201,130,129.82842712474618
DStarLite,0,160,incremental,1.2325290008448064,129,128.82842712474618
DStarLite,0,161,incremental,1.0701869978220202,128,127.82842712474618
DStarLite,0,162,incremental,0.9434370003873482,127,126.82842712474618
DStarLite,0,163,incremental,1.1335899980622344,126,125.82842712474618
DStarLite,0,164,incremental,0.6746990002284292,125,124.82842712474618
DStarLite,0,165,incremental,0.6552699996973388,124,123.82842712474618
DStarLite,0,166,incremental,0.7408279998344369,123,122.82842712474618
DStarLite,0,167,incremental,0.7040569980745204,122,121.82842712474618
DStarLite,0,168,incremental,0.6218810012796894,121,120.82842712474618
DStarLite,0,169,incremental,0.5961099996056873,120,119.82842712474618
DStarLite,0,170,incremental,0.6073469994589686,119,118.82842712474618
DStarLite,0,171,incremental,0.6303209993347991,118,117.82842712474618
DStarLite,0,172,incremental,0.6721220015606377,117,116.82842712474618
DStarLite,0,173,incremental,0.6189670020830818,116,115.82842712474618
DStarLite,0,174,incremental,0.5910619984206278,115,114.82842712474618
DStarLite,0,175,incremental,0.5650399980368093,114,113.82842712474618
DStarLite,0,176,incremental,0.5834460025653243,113,112.82842712474618
DStarLite,0,177,incremental,0.5656129978888202,112,111.82842712474618
DStarLite,0,178,incremental,0.5910520012548659,111,110.82842712474618
DStarLite,0,179,incremental,0.542933998076478,110,109.82842712474618
DStarLite,0,180,incremental,0.5547580003621988,109,108.82842712474618
DStarLite,0,181,incremental,0.5559460005315486,108,107.82842712474618
DStarLite,0,182,incremental,0.5284890030452516,107,106.82842712474618
DStarLite,0,183,incremental,0.563445999432588,106,105.82842712474618
DStarLite,0,184,incremental,0.5193350007175468,105,104.82842712474618
DStarLite,0,185,incremental,0.5274140021356288,104,103.82842712474618
DStarLite,0,186,incremental,0.5482179985847324,103,102.82842712474618
DStarLite,0,187,incremental,1.1350269996910356,102,101.82842712474618
DStarLite,0,188,incremental,0.5825650005135685,101,100.82842712474618
DStarLite,0,189,incremental,0.5428759977803566,100,99.82842712474618
DStarLite,0,190,incremental,0.5701769987354055,99,98.82842712474618
DStarLite,0,191,incremental,0.5756940008723177,98,97.82842712474618
DStarLite,0,192,incremental,0.5037870032538194,97,96.82842712474618
DStarLite,0,193,incremental,0.47786700088181533,96,95.82842712474618
DStarLite,0,194,incremental,0.491988001158461,95,94.82842712474618
DStarLite,0,195,incremental,0.46863800162100233,94,93.82842712474618
DStarLite,0,196,incremental,0.46585699965362437,93,92.82842712474618
DStarLite,0,197,incremental,0.4547400021692738,92,91.82842712474618
DStarLite,0,198,incremental,0.45581299855257384,91,90.82842712474618
DStarLite,0,199,incremental,0.45411499741021544,90,89.82842712474618
DStarLite,1,0,full_init,55.42212499858579,281,282.48528137423864
DStarLite,1,1,incremental,1.6131070005940273,281,282.48528137423864
DStarLite,1,2,incremental,1.4589149977837224,280,281.48528137423864
DStarLite,1,3,incremental,1.4773469993087929,279,280.48528137423864
DStarLite,1,4,incremental,1.5229870004986878,278,279.48528137423864
DStarLite,1,5,incremental,1.4428890026465524,277,278.48528137423864
DStarLite,1,6,incremental,1.477006997447461,276,277.48528137423864
DStarLite,1,7,incremental,1.3705909987038467,275,276.48528137423864
DStarLite,1,8,incremental,2.0599780000338797,274,275.48528137423864
DStarLite,1,9,incremental,1.787182998668868,273,274.48528137423864
DStarLite,1,10,incremental,2.002229000936495,272,273.48528137423864
DStarLite,1,11,incremental,1.7068480010493658,271,272.48528137423864
DStarLite,1,12,incremental,1.507658998889383,270,271.48528137423864
DStarLite,1,13,incremental,1.407179999660002,269,270.48528137423864
DStarLite,1,14,incremental,1.346285000181524,268,269.48528137423864
DStarLite,1,15,incremental,1.3160739981685765,267,268.48528137423864
DStarLite,1,16,incremental,1.367179000226315,266,267.48528137423864
DStarLite,1,17,incremental,1.3705609999306034,265,266.48528137423864
DStarLite,1,18,incremental,1.5949740009091329,264,265.48528137423864
DStarLite,1,19,incremental,1.438986997527536,263,264.48528137423864
DStarLite,1,20,incremental,1.371456000924809,262,263.48528137423864
DStarLite,1,21,incremental,1.3617090007755905,261,262.48528137423864
DStarLite,1,22,incremental,1.32352400032687,260,261.48528137423864
DStarLite,1,23,incremental,1.3107649974699598,259,260.48528137423864
DStarLite,1,24,incremental,1.3160800008336082,258,259.48528137423864
DStarLite,1,25,incremental,1.3044440020166803,257,258.48528137423864
DStarLite,1,26,incremental,1.3641549994645175,256,257.48528137423864
DStarLite,1,27,incremental,1.3083419980830513,255,256.48528137423864
DStarLite,1,28,incremental,1.290272000915138,254,255.4852813742386
DStarLite,1,29,incremental,1.3599530029750895,253,254.4852813742386
DStarLite,1,30,incremental,1.2567400008265395,252,253.48528137423858
DStarLite,1,31,incremental,1.2349340031505562,251,252.48528137423858
DStarLite,1,32,incremental,1.3051380010438152,250,251.48528137423858
DStarLite,1,33,incremental,1.2924360016768333,249,250.48528137423858
DStarLite,1,34,incremental,1.3747230004810262,248,249.48528137423858
DStarLite,1,35,incremental,1.3576630008174106,247,248.48528137423858
DStarLite,1,36,incremental,1.3020059996051714,246,247.48528137423858
DStarLite,1,37,incremental,1.3211839977884665,245,246.48528137423858
DStarLite,1,38,incremental,1.295725000090897,244,245.48528137423858
DStarLite,1,39,incremental,1.3271520001580939,243,244.48528137423858
DStarLite,1,40,incremental,1.363407001917949,242,243.48528137423858
DStarLite,1,41,incremental,1.4717339981871191,241,242.48528137423858
DStarLite,1,42,incremental,1.661128000705503,240,241.48528137423858
DStarLite,1,43,incremental,1.6543990022910293,239,240.48528137423858
DStarLite,1,44,incremental,2.0529680004983675,238,239.48528137423858
DStarLite,1,45,incremental,1.5068800021253992,237,238.48528137423858
DStarLite,1,46,incremental,1.362144001177512,236,237.48528137423858
DStarLite,1,47,incremental,1.3103649980621412,235,236.48528137423858
DStarLite,1,48,incremental,1.389830998959951,234,235.48528137423858
DStarLite,1,49,incremental,1.2906299998576287,233,234.48528137423858
DStarLite,1,50,incremental,1.3902350001444574,232,233.48528137423858
DStarLite,1,51,incremental,1.5073419999680482,231,232.48528137423858
DStarLite,1,52,incremental,1.2316159991314635,230,231.48528137423858
DStarLite,1,53,incremental,1.2658849991566967,229,230.48528137423855
DStarLite,1,54,incremental,1.1771919998864178,228,229.48528137423855
DStarLite,1,55,incremental,1.2719920014205854,227,228.48528137423855
DStarLite,1,56,incremental,1.3910289999330416,226,227.48528137423855
DStarLite,1,57,incremental,1.3585550004791003,225,226.48528137423855
DStarLite,1,58,incremental,1.627535999432439,224,225.48528137423855
DStarLite,1,59,incremental,1.555850001750514,223,224.48528137423855
DStarLite,1,60,incremental,1.6819140000734478,222,223.48528137423855
DStarLite,1,61,incremental,1.170928000647109,221,222.48528137423855
DStarLite,1,62,incremental,1.1767370015149936,220,221.48528137423855
DStarLite,1,63,incremental,1.2967889997526072,219,220.48528137423855
DStarLite,1,64,incremental,1.1762009999074508,218,219.48528137423855
DStarLite,1,65,incremental,1.1136110006191302,217,218.48528137423855
DStarLite,1,66,incremental,1.0846260011021513,216,217.48528137423855
DStarLite,1,67,incremental,1.0505390018806793,215,216.48528137423855
DStarLite,1,68,incremental,1.118997999583371,214,215.48528137423855
DStarLite,1,69,incremental,1.0970390030706767,213,214.48528137423855
DStarLite,1,70,incremental,1.0606060022837482,212,213.48528137423855
DStarLite,1,71,incremental,1.1344220001774374,211,212.48528137423855
DStarLite,1,72,incremental,1.0462179998285137,210,211.48528137423855
DStarLite,1,73,incremental,1.0641209992172662,209,210.48528137423855
DStarLite,1,74,incremental,1.0559149995970074,208,209.48528137423855
DStarLite,1,75,incremental,1.1036060022888705,207,208.48528137423855
DStarLite,1,76,incremental,1.1162580012751278,206,207.48528137423855
DStarLite,1,77,incremental,1.7043230000126641,205,206.48528137423855
DStarLite,1,78,incremental,1.279865999094909,204,205.48528137423855
DStarLite,1,79,incremental,1.0403010019217618,203,204.48528137423855
DStarLite,1,80,incremental,1.079039000615012,202,203.48528137423855
DStarLite,1,81,incremental,1.0544700016907882,201,202.48528137423855
DStarLite,1,82,incremental,1.017081998725189,200,201.48528137423855
DStarLite,1,83,incremental,0.9818260004976764,199,200.48528137423855
DStarLite,1,84,incremental,0.984128000709461,198,199.48528137423855
DStarLite,1,85,incremental,1.0853859967028257,197,198.48528137423855
DStarLite,1,86,incremental,1.2244769968674518,196,197.48528137423855
DStarLite,1,87,incremental,1.0166070023842622,195,196.48528137423855
DStarLite,1,88,incremental,0.9423949995834846,194,195.48528137423855
DStarLite,1,89,incremental,1.010056999803055,193,194.48528137423855
DStarLite,1,90,incremental,1.4279409988375846,192,193.48528137423855
DStarLite,1,91,incremental,1.0226569975202437,191,192.48528137423855
DStarLite,1,92,incremental,1.0400760002085008,190,191.48528137423855
DStarLite,1,93,incremental,0.9945800011337269,189,190.48528137423855
DStarLite,1,94,incremental,0.9349190004286356,188,189.48528137423855
DStarLite,1,95,incremental,0.953859998844564,187,188.48528137423855
DStarLite,1,96,incremental,0.9347550003440119,186,187.48528137423855
DStarLite,1,97,incremental,0.9906790000968613,185,186.48528137423855
DStarLite,1,98,incremental,1.0881330017582513,184,185.48528137423855
DStarLite,1,99,incremental,0.960301000304753,183,184.48528137423855
DStarLite,1,100,incremental,0.902916999621084,182,183.48528137423855
DStarLite,1,101,incremental,0.899638998816954,181,182.48528137423855
DStarLite,1,102,incremental,0.9291360001952853,180,181.48528137423855
DStarLite,1,103,incremental,0.925260999792954,179,180.48528137423855
DStarLite,1,104,incremental,0.9774050013220403,178,179.48528137423855
DStarLite,1,105,incremental,0.9935169982782099,177,178.48528137423855
DStarLite,1,106,incremental,1.0325319999537896,176,177.48528137423855
DStarLite,1,107,incremental,1.1908599990420043,175,176.48528137423855
DStarLite,1,108,incremental,1.0570640006335452,174,175.48528137423855
DStarLite,1,109,incremental,1.0688229995139409,173,174.48528137423855
DStarLite,1,110,incremental,0.9994659994845279,172,173.48528137423855
DStarLite,1,111,incremental,0.9064840014616493,171,172.48528137423855
DStarLite,1,112,incremental,0.9112070001719985,170,171.48528137423855
DStarLite,1,113,incremental,0.859065999975428,169,170.48528137423855
DStarLite,1,114,incremental,0.8569460005674046,168,169.48528137423855
DStarLite,1,115,incremental,0.871876000019256,167,168.48528137423855
DStarLite,1,116,incremental,0.9069320003618486,166,167.48528137423855
DStarLite,1,117,incremental,0.9274460026063025,165,166.48528137423855
DStarLite,1,118,incremental,1.2674470017373096,164,165.48528137423855
DStarLite,1,119,incremental,0.8870370002114214,163,164.48528137423855
DStarLite,1,120,incremental,0.9769509997568093,162,163.48528137423855
DStarLite,1,121,incremental,0.9178840009553824,161,162.48528137423855
DStarLite,1,122,incremental,0.9757340012583882,160,161.48528137423855
DStarLite,1,123,incremental,0.9102590011025313,159,160.48528137423855
DStarLite,1,124,incremental,0.8681580002303235,158,159.48528137423855
DStarLite,1,125,incremental,0.8048609997786116,157,158.48528137423855
DStarLite,1,126,incremental,0.8157110023603309,156,157.48528137423858
DStarLite,1,127,incremental,0.8131880022119731,155,156.48528137423858
DStarLite,1,128,incremental,0.7962790004967246,154,155.48528137423858
DStarLite,1,129,incremental,1.0095609977724962,153,154.48528137423858
DStarLite,1,130,incremental,0.9745709976414219,152,153.48528137423858
DStarLite,1,131,incremental,0.9519980012555607,151,152.48528137423858
DStarLite,1,132,incremental,0.7932389999041334,150,151.48528137423858
DStarLite,1,133,incremental,0.810290002846159,149,150.48528137423858
DStarLite,1,134,incremental,0.7837090015527792,148,149.48528137423858
DStarLite,1,135,incremental,0.8500830008415505,147,148.48528137423858
DStarLite,1,136,incremental,0.7942219999677036,146,147.48528137423858
DStarLite,1,137,incremental,0.8066609989327844,145,146.48528137423858
DStarLite,1,138,incremental,0.7996650019777007,144,145.48528137423858
DStarLite,1,139,incremental,0.8121600003505591,143,144.48528137423858
DStarLite,1,140,incremental,0.7821109975338914,142,143.48528137423858
DStarLite,1,141,incremental,0.7604310012538917,141,142.48528137423858
DStarLite,1,142,incremental,0.9228959970641881,140,141.48528137423858
DStarLite,1,143,incremental,0.7837699995434377,139,140.48528137423858
DStarLite,1,144,incremental,0.7645949990546796,138,139.48528137423858
DStarLite,1,145,incremental,0.7609349995618686,137,138.48528137423858
DStarLite,1,146,incremental,0.7699010020587593,136,137.48528137423858
DStarLite,1,147,incremental,0.7616460025019478,135,136.48528137423858
DStarLite,1,148,incremental,0.7390630016743671,134,135.48528137423858
DStarLite,1,149,incremental,0.7447449970641173,133,134.48528137423858
DStarLite,1,150,incremental,0.7549540023319423,132,133.48528137423858
DStarLite,1,151,incremental,0.7410660000459757,131,132.48528137423858
DStarLite,1,152,incremental,0.7040810014586896,130,131.48528137423858
DStarLite,1,153,incremental,0.7184810019680299,129,130.48528137423858
DStarLite,1,154,incremental,0.71154299803311,128,129.07106781186548
DStarLite,1,155,incremental,0.7250790004036389,128,129.07106781186548
DStarLite,1,156,incremental,0.7653709981241263,127,127.65685424949238
DStarLite,1,157,incremental,0.9413989973836578,126,126.24264068711929
DStarLite,1,158,incremental,1.2739279991365038,125,125.24264068711929
DStarLite,1,159,incremental,1.199483001983026,124,124.24264068711929
DStarLite,1,160,incremental,1.212375002069166,123,123.24264068711929
DStarLite,1,161,incremental,0.8625110021966975,122,122.24264068711929
DStarLite,1,162,incremental,0.7618939998792484,121,121.24264068711929
DStarLite,1,163,incremental,0.738572001864668,120,120.24264068711929
DStarLite,1,164,incremental,0.6767619997845031,119,119.24264068711929
DStarLite,1,165,incremental,0.7178990017564502,118,118.24264068711929
DStarLite,1,166,incremental,0.7394940002996009,117,117.24264068711929
DStarLite,1,167,incremental,0.6545940013893414,116,116.24264068711929
DStarLite,1,168,incremental,0.587922000704566,115,115.24264068711929
DStarLite,1,169,incremental,0.6222279989742674,114,114.24264068711929
DStarLite,1,170,incremental,0.6041839988029096,113,113.24264068711929
DStarLite,1,171,incremental,0.6256570013647433,112,112.24264068711929
DStarLite,1,172,incremental,0.592684002185706,111,111.24264068711929
DStarLite,1,173,incremental,0.6290949968388304,110,110.24264068711929
DStarLite,1,174,incremental,0.6343579989334103,109,109.24264068711929
DStarLite,1,175,incremental,0.6123120001575444,108,108.24264068711929
DStarLite,1,176,incremental,0.6201659998623654,107,107.24264068711929
DStarLite,1,177,incremental,0.584146000619512,106,106.24264068711929
DStarLite,1,178,incremental,2.209128997492371,107,107.24264068711929
DStarLite,1,179,incremental,0.5742649991589133,106,106.24264068711929
DStarLite,1,180,incremental,0.7210149997263215,105,104.82842712474618
DStarLite,1,181,incremental,0.5933879983786028,105,104.82842712474618
DStarLite,1,182,incremental,0.6457029994635377,104,103.41421356237309
DStarLite,1,183,incremental,0.5718829997931607,103,102.0
DStarLite,1,184,incremental,0.5301329983922187,102,101.0
DStarLite,1,185,incremental,0.5848539985890966,101,100.0
DStarLite,1,186,incremental,0.5286060004436877,100,99.0
DStarLite,1,187,incremental,0.5177899984118994,99,98.0
DStarLite,1,188,incremental,0.4970700028934516,98,97.0
DStarLite,1,189,incremental,0.5281820012896787,97,96.0
DStarLite,1,190,incremental,0.5035909998696297,96,95.0
DStarLite,1,191,incremental,0.543692000064766,95,94.0
DStarLite,1,192,incremental,0.5357609989005141,94,93.0
DStarLite,1,193,incremental,0.5204539993428625,93,92.0
DStarLite,1,194,incremental,0.48158500067074783,92,91.0
DStarLite,1,195,incremental,0.4931439980282448,91,90.0
DStarLite,1,196,incremental,0.4618340026354417,90,89.0
DStarLite,1,197,incremental,0.4897580001852475,89,88.0
DStarLite,1,198,incremental,0.4501029980019666,88,87.0
DStarLite,1,199,incremental,0.4593369994836394,87,86.0
DStarLite,2,0,full_init,350.8718789998966,281,304.85281374238616
DStarLite,2,1,incremental,2.7413969983172137,281,304.4386001800131
DStarLite,2,2,incremental,1.4259450035751797,280,303.02438661764
DStarLite,2,3,incremental,1.3577800018538255,279,302.02438661764
DStarLite,2,4,incremental,2.6269369991496205,279,301.6101730552669
DStarLite,2,5,incremental,1.340684000751935,278,300.1959594928938
DStarLite,2,6,incremental,1.3773160026175901,277,299.1959594928938
DStarLite,2,7,incremental,1.6372280006180517,277,298.78174593052074
DStarLite,2,8,incremental,1.336409000941785,276,297.36753236814764
DStarLite,2,9,incremental,1.3989340004627593,275,296.36753236814764
DStarLite,2,10,incremental,2.3009229989838786,275,295.95331880577453
DStarLite,2,11,incremental,1.3771820013062097,274,294.5391052434014
DStarLite,2,12,incremental,1.5581270017719362,273,293.5391052434014
DStarLite,2,13,incremental,2.0898749971820507,273,293.1248916810283
DStarLite,2,14,incremental,2.3606009999639355,272,291.7106781186552
DStarLite,2,15,incremental,1.9506610005919356,271,290.7106781186552
DStarLite,2,16,incremental,2.2314589987217914,271,290.2964645562821
DStarLite,2,17,incremental,1.2992480005777907,270,288.88225099390905
DStarLite,2,18,incremental,1.3959079988126177,269,287.88225099390905
DStarLite,2,19,incremental,1.566565999382874,269,287.46803743153595
DStarLite,2,20,incremental,1.3091540022287518,268,286.05382386916284
DStarLite,2,21,incremental,1.331416999164503,267,285.05382386916284
DStarLite,2,22,incremental,2.2040059993742034,267,284.6396103067898
DStarLite,2,23,incremental,1.4608220008085482,266,283.2253967444167
DStarLite,2,24,incremental,1.2750919995596632,265,282.2253967444167
DStarLite,2,25,incremental,1.477801997680217,265,281.8111831820436
DStarLite,2,26,incremental,1.4533740031765774,264,280.3969696196705
DStarLite,2,27,incremental,1.4265649988374207,263,279.3969696196705
DStarLite,2,28,incremental,1.5110370004549623,262,278.3969696196705
DStarLite,2,29,incremental,1.3134330001776107,261,277.3969696196705
DStarLite,2,30,incremental,1.2630650016944855,260,276.3969696196705
DStarLite,2,31,incremental,1.3605150015791878,259,275.3969696196705
DStarLite,2,32,incremental,1.2958240004081745,258,274.3969696196705
DStarLite,2,33,incremental,1.21698600196396,257,273.3969696196705
DStarLite,2,34,incremental,1.5083879989106208,256,272.3969696196705
DStarLite,2,35,incremental,1.3230330005171709,255,271.3969696196705
DStarLite,2,36,incremental,1.1998340014542919,254,270.3969696196704
DStarLite,2,37,incremental,1.2626919997273944,253,269.3969696196704
DStarLite,2,38,incremental,1.2109810013498645,252,268.3969696196704
DStarLite,2,39,incremental,1.1815589969046414,251,267.39696961967036
DStarLite,2,40,incremental,1.472615000238875,250,266.39696961967036
DStarLite,2,41,incremental,1.3916429998062085,249,265.39696961967036
DStarLite,2,42,incremental,1.8600260009407066,248,264.39696961967036
DStarLite,2,43,incremental,1.296340000408236,247,263.39696961967036
DStarLite,2,44,incremental,1.2712329989881255,246,262.39696961967036
DStarLite,2,45,incremental,1.611702002264792,245,261.39696961967036
DStarLite,2,46,incremental,1.232131999131525,244,260.39696961967036
DStarLite,2,47,incremental,1.258661002793815,243,259.39696961967036
DStarLite,2,48,incremental,1.7420680014765821,242,258.39696961967036
DStarLite,2,49,incremental,1.3343819991860073,241,257.39696961967036
DStarLite,2,50,incremental,1.2843810000049416,240,256.39696961967036
DStarLite,2,51,incremental,1.2169080000603572,239,255.39696961967033
DStarLite,2,52,incremental,1.126851999288192,238,254.39696961967033
DStarLite,2,53,incremental,1.2299779991735704,237,253.3969696196703
DStarLite,2,54,incremental,1.152135999291204,236,252.3969696196703
DStarLite,2,55,incremental,1.1435389969847165,235,251.3969696196703
DStarLite,2,56,incremental,1.281744996958878,234,250.39696961967027
DStarLite,2,57,incremental,1.1380899995856453,233,249.39696961967027
DStarLite,2,58,incremental,1.1680659990815911,232,248.39696961967027
DStarLite,2,59,incremental,1.1647960018308368,231,247.39696961967024
DStarLite,2,60,incremental,1.2272659987502266,230,246.39696961967024
DStarLite,2,61,incremental,1.2523879995569587,229,245.39696961967024
DStarLite,2,62,incremental,1.212257000588579,228,244.39696961967022
DStarLite,2,63,incremental,1.7880470004456583,227,243.39696961967022
DStarLite,2,64,incremental,1.508266999735497,226,242.3969696196702
DStarLite,2,65,incremental,1.2433529991540127,225,241.3969696196702
DStarLite,2,66,incremental,1.2163070023234468,224,240.3969696196702
DStarLite,2,67,incremental,1.1412890016799793,223,239.3969696196702
DStarLite,2,68,incremental,1.0785910017148126,222,238.3969696196702
DStarLite,2,69,incremental,1.0970420007652137,221,237.39696961967016
DStarLite,2,70,incremental,1.09619100112468,220,236.39696961967016
DStarLite,2,71,incremental,1.090050001948839,219,235.39696961967016
DStarLite,2,72,incremental,1.1998469999525696,218,234.39696961967013
DStarLite,2,73,incremental,1.1052969966840465,217,233.39696961967013
DStarLite,2,74,incremental,1.176765999844065,216,232.39696961967013
DStarLite,2,75,incremental,1.0516090005694423,215,231.3969696196701
DStarLite,2,76,incremental,1.078422999853501,214,230.3969696196701
DStarLite,2,77,incremental,1.0822349977388512,213,229.3969696196701
DStarLite,2,78,incremental,1.102828999137273,212,228.39696961967007
DStarLite,2,79,incremental,1.4261569995142054,211,227.39696961967007
DStarLite,2,80,incremental,1.100427998608211,210,226.39696961967007
DStarLite,2,81,incremental,1.2080540000170004,209,225.39696961967005
DStarLite,2,82,incremental,1.0685599991120398,208,224.39696961967005
DStarLite,2,83,incremental,1.0728050001489464,207,223.39696961967005
DStarLite,2,84,incremental,1.056043998687528,206,222.39696961967005
DStarLite,2,85,incremental,1.0372110009484459,205,221.39696961967005
DStarLite,2,86,incremental,1.0661900014383718,204,220.39696961967005
DStarLite,2,87,incremental,1.2476609990699217,203,219.39696961967005
DStarLite,2,88,incremental,1.5638289987691678,202,218.39696961967005
DStarLite,2,89,incremental,1.113851998525206,201,217.39696961967005
DStarLite,2,90,incremental,1.1443370021879673,200,216.39696961967005
DStarLite,2,91,incremental,1.029924002068583,199,215.39696961967005
DStarLite,2,92,incremental,1.0680589984986,198,214.39696961967005
DStarLite,2,93,incremental,1.0624700007610954,197,213.39696961967005
DStarLite,2,94,incremental,1.0228570026811212,196,212.39696961967005
DStarLite,2,95,incremental,0.9775069993338548,195,211.39696961967005
DStarLite,2,96,incremental,0.9821769999689423,194,210.39696961967005
DStarLite,2,97,incremental,0.9769749995029997,193,209.39696961967005
DStarLite,2,98,incremental,0.9928929976013023,192,208.39696961967005
DStarLite,2,99,incremental,0.9156839987554122,191,207.39696961967005
DStarLite,2,100,incremental,0.9248720016330481,190,206.39696961967005
DStarLite,2,101,incremental,0.9360680014651734,189,205.39696961967005
DStarLite,2,102,incremental,1.0514150017115753,188,204.39696961967005
DStarLite,2,103,incremental,0.9492600001976825,187,203.39696961967002
DStarLite,2,104,incremental,0.9241069965355564,186,202.39696961967002
DStarLite,2,105,incremental,0.9227020018443,185,201.39696961967002
DStarLite,2,106,incremental,0.9612369976821356,184,200.39696961967
DStarLite,2,107,incremental,0.8869230005075224,183,199.39696961967
DStarLite,2,108,incremental,0.9980760005419143,182,198.39696961967
DStarLite,2,109,incremental,1.0055370003101416,181,197.39696961966996
DStarLite,2,110,incremental,0.9495819977018982,180,196.39696961966996
DStarLite,2,111,incremental,0.9352939996460918,179,195.39696961966996
DStarLite,2,112,incremental,0.8986970024125185,178,194.39696961966993
DStarLite,2,113,incremental,0.8852120008668862,177,193.39696961966993
DStarLite,2,114,incremental,0.9023899983731098,176,192.39696961966993
DStarLite,2,115,incremental,0.9016670010169037,175,191.3969696196699
DStarLite,2,116,incremental,0.9063609977602027,174,190.3969696196699
DStarLite,2,117,incremental,0.9179879998555407,173,189.39696961966987
DStarLite,2,118,incremental,0.9373680004500784,172,188.39696961966987
DStarLite,2,119,incremental,0.9588569992047269,171,187.39696961966987
DStarLite,2,120,incremental,0.9442529990337789,170,186.39696961966987
DStarLite,2,121,incremental,1.1794020028901286,169,185.39696961966987
DStarLite,2,122,incremental,1.0784130026877392,168,184.39696961966987
DStarLite,2,123,incremental,1.0733010021795053,167,183.39696961966987
DStarLite,2,124,incremental,1.854709000326693,166,182.39696961966987
DStarLite,2,125,incremental,1.02176799919107,165,181.39696961966987
DStarLite,2,126,incremental,0.8978740006568842,164,180.39696961966987
DStarLite,2,127,incremental,0.8400619990425184,163,179.39696961966987
DStarLite,2,128,incremental,0.8273229977930896,162,178.39696961966987
DStarLite,2,129,incremental,0.7693910010857508,161,177.3969696196699
DStarLite,2,130,incremental,0.8252670013462193,160,176.39696961966987
DStarLite,2,131,incremental,0.8023319969652221,159,175.39696961966987
DStarLite,2,132,incremental,0.8331780009029899,158,174.3969696196699
DStarLite,2,133,incremental,0.8063710010901559,157,173.3969696196699
DStarLite,2,134,incremental,0.7815009994374122,156,172.3969696196699
DStarLite,2,135,incremental,0.7559530022263061,155,171.3969696196699
DStarLite,2,136,incremental,0.7866929990996141,154,170.3969696196699
DStarLite,2,137,incremental,0.7566700005554594,153,169.3969696196699
DStarLite,2,138,incremental,0.7963330026541371,152,168.3969696196699
DStarLite,2,139,incremental,0.8299209985125344,151,167.3969696196699
DStarLite,2,140,incremental,0.8497520029777661,150,166.3969696196699
DStarLite,2,141,incremental,1.2917370004288387,149,165.3969696196699
DStarLite,2,142,incremental,0.9075060006580316,148,164.3969696196699
DStarLite,2,143,incremental,0.9294360024796333,147,163.3969696196699
DStarLite,2,144,incremental,0.8499200012010988,146,162.3969696196699
DStarLite,2,145,incremental,0.7931920008559246,145,161.3969696196699
DStarLite,2,146,incremental,0.7740809996903408,144,160.3969696196699
DStarLite,2,147,incremental,0.7357380018220283,143,159.3969696196699
DStarLite,2,148,incremental,0.7183939997048583,142,158.3969696196699
DStarLite,2,149,incremental,0.6989520006754901,141,157.3969696196699
DStarLite,2,150,incremental,0.6852900005469564,140,156.3969696196699
DStarLite,2,151,incremental,0.6787900019844528,139,155.3969696196699
DStarLite,2,152,incremental,0.6960139980947133,138,154.39696961966993
DStarLite,2,153,incremental,0.7085320030455478,137,153.39696961966993
DStarLite,2,154,incremental,0.6819039990659803,136,152.39696961966993
DStarLite,2,155,incremental,0.6927219983481336,135,151.39696961966993
DStarLite,2,156,incremental,0.6547899974975735,134,150.39696961966993
DStarLite,2,157,incremental,0.6518189984490164,133,149.39696961966993
DStarLite,2,158,incremental,0.6546779986820184,132,148.39696961966993
DStarLite,2,159,incremental,0.6686039996566251,131,147.39696961966993
DStarLite,2,160,incremental,0.6971500006329734,130,145.98275605729685
DStarLite,2,161,incremental,0.669902001391165,130,145.98275605729685
DStarLite,2,162,incremental,0.6331309996312484,129,144.56854249492375
DStarLite,2,163,incremental,0.642948998574866,128,143.15432893255064
DStarLite,2,164,incremental,0.6107010012783576,128,143.15432893255064
DStarLite,2,165,incremental,0.9031909976329189,127,141.74011537017756
DStarLite,2,166,incremental,0.7902239995019045,126,140.32590180780448
DStarLite,2,167,incremental,0.7814500022504944,126,140.32590180780448
DStarLite,2,168,incremental,0.7723320013610646,125,138.91168824543138
DStarLite,2,169,incremental,0.6432839982153382,124,137.91168824543138
DStarLite,2,170,incremental,0.6923129985807464,123,136.91168824543138
DStarLite,2,171,incremental,0.7367229991359636,122,135.91168824543138
DStarLite,2,172,incremental,0.603327000135323,121,134.91168824543138
DStarLite,2,173,incremental,0.6026970004313625,120,133.91168824543138
DStarLite,2,174,incremental,0.5773370030510705,119,132.91168824543138
DStarLite,2,175,incremental,0.5755109996243846,118,131.4974746830583
DStarLite,2,176,incremental,0.5997539992677048,118,131.4974746830583
DStarLite,2,177,incremental,0.5771449978055898,117,130.08326112068522
DStarLite,2,178,incremental,0.5725379996874835,116,128.66904755831212
DStarLite,2,179,incremental,0.592044998484198,116,128.66904755831212
DStarLite,2,180,incremental,0.6012289995851461,115,127.25483399593902
DStarLite,2,181,incremental,0.5599100004474167,114,125.84062043356593
DStarLite,2,182,incremental,0.5724389993702061,114,125.84062043356593
DStarLite,2,183,incremental,0.5861740028194617,113,124.42640687119282
DStarLite,2,184,incremental,0.5402160022640601,112,123.01219330881973
DStarLite,2,185,incremental,0.5432539983303286,112,123.01219330881973
DStarLite,2,186,incremental,0.5356580004445277,111,121.59797974644664
DStarLite,2,187,incremental,0.5570140019699465,110,120.18376618407353
DStarLite,2,188,incremental,0.5263730017759372,110,120.18376618407353
DStarLite,2,189,incremental,0.5251319998933468,109,118.76955262170044
DStarLite,2,190,incremental,0.5611420019704383,108,117.35533905932735
DStarLite,2,191,incremental,0.5320339987520128,108,117.35533905932735
DStarLite,2,192,incremental,0.5420090019470081,107,115.94112549695426
DStarLite,2,193,incremental,0.5143559974385425,106,114.52691193458116
DStarLite,2,194,incremental,0.5608079991361592,106,114.52691193458116
DStarLite,2,195,incremental,0.5228900008660275,105,113.11269837220806
DStarLite,2,196,incremental,0.5221699975663796,104,112.11269837220806
DStarLite,2,197,incremental,0.5363450000004377,103,111.11269837220806
DStarLite,2,198,incremental,0.5291100023896433,102,109.69848480983497
DStarLite,2,199,incremental,0.5194570003368426,102,109.69848480983497
DStarLite,3,0,full_init,279.8229360014375,281,293.25483399593924
DStarLite,3,1,incremental,2.457773000060115,281,292.84062043356613
DStarLite,3,2,incremental,1.4720520011906046,280,291.426406871193
DStarLite,3,3,incremental,1.4042930015421007,279,290.426406871193
DStarLite,3,4,incremental,3.242259001126513,279,290.01219330882
DStarLite,3,5,incremental,1.627654997719219,278,288.59797974644687
DStarLite,3,6,incremental,1.4304680007626303,277,287.59797974644687
DStarLite,3,7,incremental,1.6318759990099352,277,287.18376618407376
DStarLite,3,8,incremental,1.3763659990218002,276,285.76955262170065
DStarLite,3,9,incremental,1.4101779997872654,275,284.76955262170065
DStarLite,3,10,incremental,2.1096999989822507,275,284.35533905932755
DStarLite,3,11,incremental,1.3348290012800135,274,282.94112549695444
DStarLite,3,12,incremental,1.384836999932304,273,281.94112549695444
DStarLite,3,13,incremental,1.935323998623062,273,281.52691193458134
DStarLite,3,14,incremental,1.3993069987918716,272,280.1126983722083
DStarLite,3,15,incremental,1.5191630009212531,271,279.1126983722083
DStarLite,3,16,incremental,1.9707870014826767,271,278.6984848098352
DStarLite,3,17,incremental,1.5220140012388583,270,277.2842712474621
DStarLite,3,18,incremental,1.7628460009291302,269,276.2842712474621
DStarLite,3,19,incremental,1.7094960021495353,269,275.870057685089
DStarLite,3,20,incremental,1.5401550008391496,268,274.4558441227159
DStarLite,3,21,incremental,1.6051220009103417,267,273.4558441227159
DStarLite,3,22,incremental,2.3284609997062944,267,273.0416305603428
DStarLite,3,23,incremental,1.5275369987648446,266,271.6274169979697
DStarLite,3,24,incremental,1.3513279991457239,265,270.6274169979697
DStarLite,3,25,incremental,1.3988409991725348,264,269.6274169979697
DStarLite,3,26,incremental,1.4250780004658736,263,268.6274169979697
DStarLite,3,27,incremental,1.4691549986309838,262,267.6274169979697
DStarLite,3,28,incremental,1.3575560005847365,261,266.6274169979697
DStarLite,3,29,incremental,1.4187039996613748,260,265.6274169979697
DStarLite,3,30,incremental,1.3208769996708725,259,264.6274169979697
DStarLite,3,31,incremental,1.3381019998632837,258,263.6274169979697
DStarLite,3,32,incremental,1.3386719983827788,257,262.6274169979697
DStarLite,3,33,incremental,1.3925149978604168,256,261.6274169979697
DStarLite,3,34,incremental,1.34949399944162,255,260.6274169979697
DStarLite,3,35,incremental,1.256337000086205,254,259.6274169979697
DStarLite,3,36,incremental,1.3210149991209619,253,258.6274169979697
DStarLite,3,37,incremental,1.3841649997630157,252,257.6274169979697
DStarLite,3,38,incremental,1.3480960005836096,251,256.6274169979697
DStarLite,3,39,incremental,1.3028409994149115,250,255.6274169979697
DStarLite,3,40,incremental,1.6382610010623466,249,254.6274169979697
DStarLite,3,41,incremental,1.7426730009901803,248,253.6274169979697
DStarLite,3,42,incremental,1.4664640002592932,247,252.6274169979697
DStarLite,3,43,incremental,1.4888260011503007,246,251.6274169979697
DStarLite,3,44,incremental,1.4103510002314579,245,250.6274169979697
DStarLite,3,45,incremental,1.3728089979849756,244,249.6274169979697
DStarLite,3,46,incremental,1.2157439996371977,243,248.6274169979697
DStarLite,3,47,incremental,1.18728899906273,242,247.6274169979697
DStarLite,3,48,incremental,1.1921520017494913,241,246.6274169979697
DStarLite,3,49,incremental,1.214397998410277,240,245.6274169979697
DStarLite,3,50,incremental,1.1701010007527657,239,244.62741699796968
DStarLite,3,51,incremental,1.2283550022402778,238,243.62741699796968
DStarLite,3,52,incremental,1.1768590011342894,237,242.62741699796968
DStarLite,3,53,incremental,1.1398320020816755,236,241.62741699796965
DStarLite,3,54,incremental,1.1858580000989605,235,240.62741699796965
DStarLite,3,55,incremental,1.472542997362325,234,239.62741699796965
DStarLite,3,56,incremental,1.2838879993068986,233,238.62741699796962
DStarLite,3,57,incremental,1.601526000740705,232,237.62741699796962
DStarLite,3,58,incremental,1.1954620022152085,231,236.6274169979696
DStarLite,3,59,incremental,1.1747589996957686,230,235.6274169979696
DStarLite,3,60,incremental,1.1852979987452272,229,234.6274169979696
DStarLite,3,61,incremental,1.2269879989617039,228,233.6274169979696
DStarLite,3,62,incremental,1.1208940013602842,227,232.6274169979696
DStarLite,3,63,incremental,1.1452979997557122,226,231.6274169979696
DStarLite,3,64,incremental,1.1806699985754676,225,230.6274169979696
DStarLite,3,65,incremental,1.1490329998196103,224,229.6274169979696
DStarLite,3,66,incremental,1.1881820028065704,223,228.6274169979696
DStarLite,3,67,incremental,1.6993270000966731,222,227.6274169979696
DStarLite,3,68,incremental,1.544638998893788,221,226.6274169979696
DStarLite,3,69,incremental,1.6317109984811395,220,225.6274169979696
DStarLite,3,70,incremental,1.1861840030178428,219,224.6274169979696
DStarLite,3,71,incremental,1.0979020007653162,218,223.6274169979696
DStarLite,3,72,incremental,1.1455810017650947,217,222.6274169979696
DStarLite,3,73,incremental,1.1457519976829644,216,221.6274169979696
DStarLite,3,74,incremental,1.1132649997307453,215,220.6274169979696
DStarLite,3,75,incremental,1.2033239981974475,214,219.6274169979696
DStarLite,3,76,incremental,1.1201900015294086,213,218.6274169979696
DStarLite,3,77,incremental,1.0838830021384638,212,217.6274169979696
DStarLite,3,78,incremental,1.0807300022861455,211,216.6274169979696
DStarLite,3,79,incremental,1.0503390003577806,210,215.6274169979696
DStarLite,3,80,incremental,1.0633189995132852,209,214.6274169979696
DStarLite,3,81,incremental,1.040220999129815,208,213.6274169979696
DStarLite,3,82,incremental,1.0272790023009293,207,212.6274169979696
DStarLite,3,83,incremental,1.2352029989415314,206,211.6274169979696
DStarLite,3,84,incremental,1.2341660003585275,205,210.6274169979696
DStarLite,3,85,incremental,1.108200001908699,204,209.6274169979696
DStarLite,3,86,incremental,1.2130860013712663,203,208.6274169979696
DStarLite,3,87,incremental,1.0492620021977928,202,207.6274169979696
DStarLite,3,88,incremental,1.0684119988582097,201,206.6274169979696
DStarLite,3,89,incremental,1.0849360005522612,200,205.6274169979696
DStarLite,3,90,incremental,1.060044000041671,199,204.6274169979696
DStarLite,3,91,incremental,1.0059669984912034,198,203.6274169979696
DStarLite,3,92,incremental,0.9908329993777443,197,202.6274169979696
DStarLite,3,93,incremental,1.1694179993355647,196,201.6274169979696
DStarLite,3,94,incremental,1.03606300035608,195,200.6274169979696
DStarLite,3,95,incremental,1.0381899992353283,194,199.6274169979696
DStarLite,3,96,incremental,0.9864830026344862,193,198.6274169979696
DStarLite,3,97,incremental,1.032103999023093,192,197.6274169979696
DStarLite,3,98,incremental,0.9624589984014165,191,196.6274169979696
DStarLite,3,99,incremental,0.9494740006630309,190,195.6274169979696
DStarLite,3,100,incremental,0.942991999181686,189,194.6274169979696
DStarLite,3,101,incremental,1.1073360001319088,188,193.6274169979696
DStarLite,3,102,incremental,0.9985470023821108,187,192.6274169979696
DStarLite,3,103,incremental,1.203676001750864,186,191.6274169979696
DStarLite,3,104,incremental,1.325319000898162,185,190.6274169979696
DStarLite,3,105,incremental,1.1919079988729209,184,189.6274169979696
DStarLite,3,106,incremental,1.0691800016502384,183,188.6274169979696
DStarLite,3,107,incremental,1.0724879975896329,182,187.6274169979696
DStarLite,3,108,incremental,1.0564680014795158,181,186.6274169979696
DStarLite,3,109,incremental,0.9607719985069707,180,185.6274169979696
DStarLite,3,110,incremental,0.9145869989879429,179,184.6274169979696
DStarLite,3,111,incremental,0.9049149994098116,178,183.6274169979696
DStarLite,3,112,incremental,1.1455999992904253,177,182.6274169979696
DStarLite,3,113,incremental,0.9061099990503863,176,181.6274169979696
DStarLite,3,114,incremental,0.9726310017867945,175,180.6274169979696
DStarLite,3,115,incremental,0.8793790002528112,174,179.6274169979696
DStarLite,3,116,incremental,0.9150489968305919,173,178.6274169979696
DStarLite,3,117,incremental,0.8422520004387479,172,177.6274169979696
DStarLite,3,118,incremental,0.8964900007413235,171,176.6274169979696
DStarLite,3,119,incremental,0.871461998031009,170,175.6274169979696
DStarLite,3,120,incremental,0.8487669983878732,169,174.6274169979696
DStarLite,3,121,incremental,0.8603669994045049,168,173.6274169979696
DStarLite,3,122,incremental,0.8690239992574789,167,172.6274169979696
DStarLite,3,123,incremental,0.9936819988070056,166,171.6274169979696
DStarLite,3,124,incremental,0.8809360006125644,165,170.6274169979696
DStarLite,3,125,incremental,0.8650449999549892,164,169.6274169979696
DStarLite,3,126,incremental,0.8180119984899648,163,168.6274169979696
DStarLite,3,127,incremental,1.0200329998042434,162,167.6274169979696
DStarLite,3,128,incremental,1.0676199999579694,161,166.6274169979696
DStarLite,3,129,incremental,1.3232040000730194,160,165.6274169979696
DStarLite,3,130,incremental,1.007200000458397,159,164.6274169979696
DStarLite,3,131,incremental,1.115142000344349,158,163.6274169979696
DStarLite,3,132,incremental,0.8736219970160164,157,162.6274169979696
DStarLite,3,133,incremental,0.8197300012398046,156,161.6274169979696
DStarLite,3,134,incremental,0.7909150008345023,155,160.6274169979696
DStarLite,3,135,incremental,0.7651670021004975,154,159.6274169979696
DStarLite,3,136,incremental,0.7842039995011874,153,158.6274169979696
DStarLite,3,137,incremental,0.7558600009360816,152,157.6274169979696
DStarLite,3,138,incremental,0.8113059993775096,151,156.6274169979696
DStarLite,3,139,incremental,0.7790330018906388,150,155.6274169979696
DStarLite,3,140,incremental,0.7198879975476302,149,154.6274169979696
DStarLite,3,141,incremental,0.7452589998138137,148,153.6274169979696
DStarLite,3,142,incremental,0.7111769991752226,147,152.6274169979696
DStarLite,3,143,incremental,0.734144003217807,146,151.6274169979696
DStarLite,3,144,incremental,0.7229139991977718,145,150.6274169979696
DStarLite,3,145,incremental,0.7019190015853383,144,149.6274169979696
DStarLite,3,146,incremental,0.8050500000535976,143,148.62741699796962
DStarLite,3,147,incremental,0.8453720001853071,142,147.62741699796962
DStarLite,3,148,incremental,0.8027160001802258,141,146.62741699796962
DStarLite,3,149,incremental,0.8895850005501416,140,145.62741699796962
DStarLite,3,150,incremental,0.6867410011182074,139,144.62741699796962
DStarLite,3,151,incremental,0.6900059997860808,138,143.62741699796962
DStarLite,3,152,incremental,0.6870760007586796,137,142.62741699796962
DStarLite,3,153,incremental,0.7125910015020054,136,141.62741699796962
DStarLite,3,154,incremental,0.7748340030957479,135,140.62741699796962
DStarLite,3,155,incremental,0.7462790017598309,134,139.62741699796962
DStarLite,3,156,incremental,0.6801310009905137,133,138.62741699796962
DStarLite,3,157,incremental,0.7800320017850026,132,137.6274169979696
DStarLite,3,158,incremental,0.7731040022918023,131,136.6274169979696
DStarLite,3,159,incremental,0.6611159988096915,130,135.6274169979696
DStarLite,3,160,incremental,0.6539759997394867,129,134.62741699796956
DStarLite,3,161,incremental,0.6579449982382357,128,133.62741699796956
DStarLite,3,162,incremental,0.6326840011752211,127,132.62741699796956
DStarLite,3,163,incremental,0.6938149999768939,126,131.62741699796953
DStarLite,3,164,incremental,0.6699280020256992,125,130.62741699796953
DStarLite,3,165,incremental,0.6560270012414549,124,129.62741699796953
DStarLite,3,166,incremental,0.6059030019969214,123,128.6274169979695
DStarLite,3,167,incremental,0.6225680008355994,122,127.6274169979695
DStarLite,3,168,incremental,0.5874970011063851,121,126.6274169979695
DStarLite,3,169,incremental,0.625173001026269,120,125.6274169979695
DStarLite,3,170,incremental,0.622812000074191,119,124.62741699796949
DStarLite,3,171,incremental,0.9160720001091249,118,123.62741699796949
DStarLite,3,172,incremental,0.6319109998003114,117,122.62741699796949
DStarLite,3,173,incremental,1.0397110017947853,116,121.62741699796949
DStarLite,3,174,incremental,1.769040998624405,115,120.62741699796949
DStarLite,3,175,incremental,1.398983000399312,114,119.62741699796949
DStarLite,3,176,incremental,2.1564509988820646,113,118.62741699796949
DStarLite,3,177,incremental,2.4770879972493276,112,117.2132034355964
DStarLite,3,178,incremental,1.722555000014836,112,117.2132034355964
DStarLite,3,179,incremental,1.19285699838656,111,115.7989898732233
DStarLite,3,180,incremental,1.1498519997985568,110,114.38477631085021
DStarLite,3,181,incremental,1.2916599989694078,110,114.38477631085021
DStarLite,3,182,incremental,1.3023870014876593,109,112.97056274847712
DStarLite,3,183,incremental,1.2701970008492935,108,111.55634918610401
DStarLite,3,184,incremental,1.0161440004594624,108,111.55634918610401
DStarLite,3,185,incremental,0.9007949993247166,107,110.14213562373092
DStarLite,3,186,incremental,0.6859610002720729,106,108.72792206135783
DStarLite,3,187,incremental,0.6796170018787961,105,107.72792206135783
DStarLite,3,188,incremental,0.6765450016246177,104,106.72792206135783
DStarLite,3,189,incremental,0.7234170006995555,103,105.72792206135783
DStarLite,3,190,incremental,0.6496750029327814,102,104.72792206135783
DStarLite,3,191,incremental,0.4899649975413922,101,103.72792206135783
DStarLite,3,192,incremental,0.5910209983994719,100,102.72792206135783
DStarLite,3,193,incremental,0.5091240018373355,99,101.72792206135783
DStarLite,3,194,incremental,0.5171090015210211,98,100.72792206135783
DStarLite,3,195,incremental,1.0332870006095618,97,99.72792206135783
DStarLite,3,196,incremental,0.4976579984941054,96,98.72792206135783
DStarLite,3,197,incremental,0.482576997455908,95,97.72792206135783
DStarLite,3,198,incremental,0.45055300142848864,94,96.72792206135783
DStarLite,3,199,incremental,0.47276199984480627,93,95.72792206135783
DStarLite,4,0,full_init,37.86837000006926,281,280.8284271247462
DStarLite,4,1,incremental,1.5261419976013713,281,280.8284271247462
DStarLite,4,2,incremental,1.463229000364663,280,279.8284271247462
DStarLite,4,3,incremental,1.7623380008444656,279,278.8284271247462
DStarLite,4,4,incremental,1.4407950002350844,278,277.8284271247462
DStarLite,4,5,incremental,1.4322619972517714,277,276.8284271247462
DStarLite,4,6,incremental,1.3382739998633042,276,275.8284271247462
DStarLite,4,7,incremental,1.4189269968483131,275,274.8284271247462
DStarLite,4,8,incremental,1.2756210016959812,274,273.8284271247462
DStarLite,4,9,incremental,1.3704149969271384,273,272.8284271247462
DStarLite,4,10,incremental,1.388232001772849,272,271.8284271247462
DStarLite,4,11,incremental,1.7516920015623327,271,270.8284271247462
DStarLite,4,12,incremental,1.382210997689981,270,269.8284271247462
DStarLite,4,13,incremental,1.3155480010027532,269,268.8284271247462
DStarLite,4,14,incremental,1.8753930016828235,268,267.8284271247462
DStarLite,4,15,incremental,1.464831999328453,267,266.8284271247462
DStarLite,4,16,incremental,1.4355269995576236,266,265.8284271247462
DStarLite,4,17,incremental,1.370650999888312,265,264.8284271247462
DStarLite,4,18,incremental,1.447785001801094,264,263.8284271247462
DStarLite,4,19,incremental,1.3810329983243719,263,262.8284271247462
DStarLite,4,20,incremental,1.3594640004157554,262,261.8284271247462
DStarLite,4,21,incremental,1.3010380025662016,261,260.8284271247462
DStarLite,4,22,incremental,1.2920029985252768,260,259.8284271247462
DStarLite,4,23,incremental,1.302251999732107,259,258.8284271247462
DStarLite,4,24,incremental,1.3082699988444801,258,257.8284271247462
DStarLite,4,25,incremental,2.4652590000187047,257,256.8284271247462
DStarLite,4,26,incremental,1.8140550018870272,256,255.82842712474618
DStarLite,4,27,incremental,2.1945019980194047,255,254.82842712474618
DStarLite,4,28,incremental,1.5982199984136969,254,253.82842712474618
DStarLite,4,29,incremental,1.5059860015753657,253,252.82842712474618
DStarLite,4,30,incremental,1.3472299979184754,252,251.82842712474618
DStarLite,4,31,incremental,1.3084599995636381,251,250.82842712474618
DStarLite,4,32,incremental,1.2931210003443994,250,249.82842712474618
DStarLite,4,33,incremental,1.3608840017695911,249,248.82842712474618
DStarLite,4,34,incremental,1.3116910013195593,248,247.82842712474618
DStarLite,4,35,incremental,1.3265570014482364,247,246.82842712474618
DStarLite,4,36,incremental,1.239558001543628,246,245.4142135623731
DStarLite,4,37,incremental,1.2089330011804122,245,244.4142135623731
DStarLite,4,38,incremental,1.240065997990314,244,243.4142135623731
DStarLite,4,39,incremental,1.4875009983370546,243,242.4142135623731
DStarLite,4,40,incremental,1.8750870003714226,242,241.4142135623731
DStarLite,4,41,incremental,2.0156300015514717,241,240.4142135623731
DStarLite,4,42,incremental,1.963345999683952,240,239.4142135623731
DStarLite,4,43,incremental,1.6296459980367217,239,238.4142135623731
DStarLite,4,44,incremental,1.2295950000407174,238,237.4142135623731
DStarLite,4,45,incremental,1.1386990008759312,237,236.4142135623731
DStarLite,4,46,incremental,1.2303299990890082,236,235.4142135623731
DStarLite,4,47,incremental,1.2074840014975052,235,234.4142135623731
DStarLite,4,48,incremental,1.1889150009665173,234,233.4142135623731
DStarLite,4,49,incremental,1.268159998289775,233,232.4142135623731
DStarLite,4,50,incremental,1.268923999305116,232,231.4142135623731
DStarLite,4,51,incremental,1.2751069989462849,231,230.4142135623731
DStarLite,4,52,incremental,1.3650969995069318,230,229.4142135623731
DStarLite,4,53,incremental,1.3307459994393867,229,228.4142135623731
DStarLite,4,54,incremental,1.2342789996182546,228,227.4142135623731
DStarLite,4,55,incremental,1.302519998716889,227,226.4142135623731
DStarLite,4,56,incremental,1.2622469985217322,226,225.4142135623731
DStarLite,4,57,incremental,1.2667769988183863,225,224.4142135623731
DStarLite,4,58,incremental,1.2973540033272002,224,223.4142135623731
DStarLite,4,59,incremental,1.329362999967998,223,222.4142135623731
DStarLite,4,60,incremental,1.2432340008672327,222,221.4142135623731
DStarLite,4,61,incremental,1.2944380032422487,221,220.4142135623731
DStarLite,4,62,incremental,1.2859359994763508,220,219.4142135623731
DStarLite,4,63,incremental,1.2971469986950979,219,218.4142135623731
DStarLite,4,64,incremental,1.3426179975795094,218,217.4142135623731
DStarLite,4,65,incremental,1.3330939982552081,217,216.4142135623731
DStarLite,4,66,incremental,1.4070879988139495,216,215.4142135623731
DStarLite,4,67,incremental,1.934561998496065,215,214.4142135623731
DStarLite,4,68,incremental,3.8891529984539375,216,215.4142135623731
DStarLite,4,69,incremental,1.2537660004454665,215,214.4142135623731
DStarLite,4,70,incremental,1.1239070008741692,214,213.0
DStarLite,4,71,incremental,1.1478550004540011,213,212.0
DStarLite,4,72,incremental,1.123153997468762,212,211.0
DStarLite,4,73,incremental,1.0653570025169756,211,210.0
DStarLite,4,74,incremental,1.0989500005962327,210,209.0
DStarLite,4,75,incremental,1.0647970011632424,209,208.0
DStarLite,4,76,incremental,1.0534659995755646,208,207.0
DStarLite,4,77,incremental,1.0441749982419424,207,206.0
DStarLite,4,78,incremental,1.0955559991998598,206,205.0
DStarLite,4,79,incremental,1.104692000808427,205,204.0
DStarLite,4,80,incremental,1.1336200004734565,204,203.0
DStarLite,4,81,incremental,1.0677829995984212,203,202.0
DStarLite,4,82,incremental,1.0994860022037756,202,201.0
DStarLite,4,83,incremental,1.0432679991936311,201,200.0
DStarLite,4,84,incremental,1.0540170005697291,200,199.0
DStarLite,4,85,incremental,1.0373929981142282,199,198.0
DStarLite,4,86,incremental,1.05661300040083,198,197.0
DStarLite,4,87,incremental,1.0796930000651628,197,196.0
DStarLite,4,88,incremental,1.0467149986652657,196,195.0
DStarLite,4,89,incremental,1.2382130007608794,195,194.0
DStarLite,4,90,incremental,1.204030999360839,194,193.0
DStarLite,4,91,incremental,1.5107389990589581,193,192.0
DStarLite,4,92,incremental,1.0954360004689079,192,191.0
DStarLite,4,93,incremental,1.0165179992327467,191,190.0
DStarLite,4,94,incremental,1.4090020013100002,190,189.0
DStarLite,4,95,incremental,1.0872890015889425,189,188.0
DStarLite,4,96,incremental,0.9866379987215623,188,187.0
DStarLite,4,97,incremental,0.947184998949524,187,186.0
DStarLite,4,98,incremental,0.9234780009137467,186,185.0
DStarLite,4,99,incremental,0.9856299984676298,185,184.0
DStarLite,4,100,incremental,0.9436079999431968,184,183.0
DStarLite,4,101,incremental,0.947864002228016,183,182.0
DStarLite,4,102,incremental,0.9214380006596912,182,181.0
DStarLite,4,103,incremental,0.932389000809053,181,180.0
DStarLite,4,104,incremental,0.913432002562331,180,179.0
DStarLite,4,105,incremental,0.9255889999622013,179,178.0
DStarLite,4,106,incremental,1.0130190021300223,178,177.0
DStarLite,4,107,incremental,0.9685270015324932,177,176.0
DStarLite,4,108,incremental,0.8866419993864838,176,175.0
DStarLite,4,109,incremental,0.9039169999596197,175,174.0
DStarLite,4,110,incremental,1.535138002509484,174,173.0
DStarLite,4,111,incremental,0.9763800007931422,173,172.0
DStarLite,4,112,incremental,0.9185829985653982,172,171.0
DStarLite,4,113,incremental,0.8963670006778557,171,170.0
DStarLite,4,114,incremental,0.84652299847221,170,169.0
DStarLite,4,115,incremental,0.8929969990276732,169,168.0
DStarLite,4,116,incremental,0.8689659989613574,168,167.0
DStarLite,4,117,incremental,0.8755599992582574,167,166.0
DStarLite,4,118,incremental,0.900246999663068,166,165.0
DStarLite,4,119,incremental,0.8510860025126021,165,164.0
DStarLite,4,120,incremental,0.9867869994195644,164,163.0
DStarLite,4,121,incremental,0.8495809997839388,163,162.0
DStarLite,4,122,incremental,0.8085349982138723,162,161.0
DStarLite,4,123,incremental,1.2846570025430992,161,160.0
DStarLite,4,124,incremental,1.189530001283856,160,159.0
DStarLite,4,125,incremental,1.142601999163162,159,158.0
DStarLite,4,126,incremental,1.21099800162483,158,157.0
DStarLite,4,127,incremental,1.2001569994026795,157,156.0
DStarLite,4,128,incremental,1.0227370003121905,156,155.0
DStarLite,4,129,incremental,0.8529680017090868,155,154.0
DStarLite,4,130,incremental,0.7990769991010893,154,153.0
DStarLite,4,131,incremental,0.8482099983666558,153,152.0
DStarLite,4,132,incremental,0.7607150000694674,152,151.0
DStarLite,4,133,incremental,0.7603810008731671,151,150.0
DStarLite,4,134,incremental,0.7560800004284829,150,149.0
DStarLite,4,135,incremental,0.750967999920249,149,148.0
DStarLite,4,136,incremental,0.7880929988459684,148,147.0
DStarLite,4,137,incremental,0.761069000873249,147,146.0
DStarLite,4,138,incremental,0.7815819990355521,146,145.0
DStarLite,4,139,incremental,0.7458479994966183,145,144.0
DStarLite,4,140,incremental,0.8177540003089234,144,143.0
DStarLite,4,141,incremental,1.1033379996661097,143,142.0
DStarLite,4,142,incremental,0.7307699997909367,142,141.0
DStarLite,4,143,incremental,0.7869699984439649,141,140.0
DStarLite,4,144,incremental,0.9634420021029655,140,139.0
DStarLite,4,145,incremental,0.8524840013706125,139,138.0
DStarLite,4,146,incremental,0.7394500025839079,138,137.0
DStarLite,4,147,incremental,0.7175059981818777,137,136.0
DStarLite,4,148,incremental,0.6779340001230594,136,135.0
DStarLite,4,149,incremental,0.679592998494627,135,134.0
DStarLite,4,150,incremental,0.7189259995357133,134,133.0
DStarLite,4,151,incremental,0.6784939978388138,133,132.0
DStarLite,4,152,incremental,0.6939009981579147,132,131.0
DStarLite,4,153,incremental,0.7581050012959167,131,130.0
DStarLite,4,154,incremental,0.7099440008460078,130,129.0
DStarLite,4,155,incremental,0.6755240028724074,129,128.0
DStarLite,4,156,incremental,0.7220010011224076,128,127.0
DStarLite,4,157,incremental,0.631584000075236,127,126.0
DStarLite,4,158,incremental,0.6531910003104713,126,125.0
DStarLite,4,159,incremental,0.633333002042491,125,124.0
DStarLite,4,160,incremental,0.633752002613619,124,123.0
DStarLite,4,161,incremental,0.672230999043677,123,122.0
DStarLite,4,162,incremental,0.7279240016941912,122,121.0
DStarLite,4,163,incremental,0.6099540005379822,121,120.0
DStarLite,4,164,incremental,1.1195469996891916,120,119.0
DStarLite,4,165,incremental,0.7196209990070201,119,118.0
DStarLite,4,166,incremental,0.8375359975616448,118,117.0
DStarLite,4,167,incremental,0.7662470015930012,117,116.0
DStarLite,4,168,incremental,1.3106609985698014,116,115.0
DStarLite,4,169,incremental,0.8140509999066126,115,114.0
DStarLite,4,170,incremental,0.7937000009405892,114,113.0
DStarLite,4,171,incremental,0.5719609980587848,113,112.0
DStarLite,4,172,incremental,0.5756399987149052,112,111.0
DStarLite,4,173,incremental,0.5460840002342593,111,110.0
DStarLite,4,174,incremental,0.5538529985642526,110,109.0
DStarLite,4,175,incremental,0.5653799998981413,109,108.0
DStarLite,4,176,incremental,0.5470630021591205,108,107.0
DStarLite,4,177,incremental,0.5853500006196555,107,106.0
DStarLite,4,178,incremental,0.5316370006767102,106,105.0
DStarLite,4,179,incremental,0.5418759974418208,105,104.0
DStarLite,4,180,incremental,0.5138629967404995,104,103.0
DStarLite,4,181,incremental,0.5318250005075242,103,102.0
DStarLite,4,182,incremental,0.5047720005677547,102,101.0
DStarLite,4,183,incremental,0.5363679993024562,101,100.0
DStarLite,4,184,incremental,0.5253620001894888,100,99.0
DStarLite,4,185,incremental,0.6020479995640926,99,98.0
DStarLite,4,186,incremental,0.5259130011836533,98,97.0
DStarLite,4,187,incremental,0.5239060010353569,97,96.0
DStarLite,4,188,incremental,0.5344419987522997,96,95.0
DStarLite,4,189,incremental,0.5310829983500298,95,94.0
DStarLite,4,190,incremental,0.556388000404695,94,93.0
DStarLite,4,191,incremental,0.5606990016531199,93,92.0
DStarLite,4,192,incremental,0.6270240010053385,92,91.0
DStarLite,4,193,incremental,0.5079090005892795,91,90.0
DStarLite,4,194,incremental,0.4797159999725409,90,89.0
DStarLite,4,195,incremental,0.4667729990615044,89,88.0
DStarLite,4,196,incremental,0.4661559978558216,88,87.0
DStarLite,4,197,incremental,0.44903600064571947,87,86.0
DStarLite,4,198,incremental,0.477083998703165,86,85.0
DStarLite,4,199,incremental,0.5762959990534,85,84.0
DStarLite,5,0,full_init,230.57980700104963,281,291.59797974644664
DStarLite,5,1,incremental,2.028618997428566,281,291.18376618407353
DStarLite,5,2,incremental,1.3219749998825137,280,289.7695526217004
DStarLite,5,3,incremental,1.318258000537753,279,288.7695526217004
DStarLite,5,4,incremental,2.4636630005261395,279,288.3553390593273
DStarLite,5,5,incremental,1.2750819987559225,278,286.9411254969542
DStarLite,5,6,incremental,1.3123010030540172,277,285.9411254969542
DStarLite,5,7,incremental,2.293404999363702,277,285.52691193458116
DStarLite,5,8,incremental,2.2172310018504504,276,284.11269837220806
DStarLite,5,9,incremental,2.2060910014261026,275,283.11269837220806
DStarLite,5,10,incremental,2.2364169999491423,275,282.69848480983495
DStarLite,5,11,incremental,1.2621829991985578,274,281.28427124746185
DStarLite,5,12,incremental,1.333590000285767,273,280.28427124746185
DStarLite,5,13,incremental,1.408478001394542,273,279.8700576850888
DStarLite,5,14,incremental,1.4460189995588735,272,278.4558441227157
DStarLite,5,15,incremental,1.3364930018724408,271,277.4558441227157
DStarLite,5,16,incremental,2.4758190011198167,271,277.0416305603426
DStarLite,5,17,incremental,1.5214380000543315,270,275.6274169979695
DStarLite,5,18,incremental,1.3279190025059506,269,274.6274169979695
DStarLite,5,19,incremental,1.4895579988660756,269,274.21320343559637
DStarLite,5,20,incremental,1.3817350009048823,268,273.21320343559637
DStarLite,5,21,incremental,1.2644839989661705,267,272.21320343559637
DStarLite,5,22,incremental,1.3972409979032818,266,271.21320343559637
DStarLite,5,23,incremental,1.3279779996082652,265,270.21320343559637
DStarLite,5,24,incremental,1.2937760002387222,264,269.21320343559637
DStarLite,5,25,incremental,1.3086250000924338,263,268.21320343559637
DStarLite,5,26,incremental,1.3151029997970909,262,267.21320343559637
DStarLite,5,27,incremental,1.4755369993508793,261,266.21320343559637
DStarLite,5,28,incremental,1.3495910025085323,260,265.21320343559637
DStarLite,5,29,incremental,1.2513700021372642,259,264.21320343559637
DStarLite,5,30,incremental,1.2222069999552332,258,263.21320343559637
DStarLite,5,31,incremental,1.3474090010276996,257,262.21320343559637
DStarLite,5,32,incremental,1.5772500009916257,256,261.21320343559637
DStarLite,5,33,incremental,1.4871650018903892,255,260.21320343559637
DStarLite,5,34,incremental,1.4468189983745106,254,259.21320343559637
DStarLite,5,35,incremental,1.3657580020662863,253,258.21320343559637
DStarLite,5,36,incremental,1.3490000019373838,252,257.21320343559637
DStarLite,5,37,incremental,1.5231629986374173,251,256.2132034355964
DStarLite,5,38,incremental,1.2294810003368184,250,255.21320343559643
DStarLite,5,39,incremental,1.2637179970624857,249,254.21320343559643
DStarLite,5,40,incremental,1.246499999979278,248,253.21320343559643
DStarLite,5,41,incremental,1.2261560004844796,247,252.21320343559643
DStarLite,5,42,incremental,1.3350009976420552,246,251.21320343559643
DStarLite,5,43,incremental,1.1810539981524926,245,250.21320343559643
DStarLite,5,44,incremental,1.1514960024214815,244,249.21320343559643
DStarLite,5,45,incremental,1.206164997711312,243,248.21320343559643
DStarLite,5,46,incremental,1.1372000008122995,242,247.21320343559643
DStarLite,5,47,incremental,1.1749199984478764,241,246.21320343559643
DStarLite,5,48,incremental,1.1475539977254812,240,245.21320343559643
DStarLite,5,49,incremental,1.3876689990865998,239,244.21320343559643
DStarLite,5,50,incremental,1.604729000973748,238,243.21320343559643
DStarLite,5,51,incremental,1.2687880007433705,237,242.21320343559643
DStarLite,5,52,incremental,1.1590089998207986,236,241.21320343559643
DStarLite,5,53,incremental,1.3835700010531582,235,240.21320343559643
DStarLite,5,54,incremental,1.1841890009236522,234,239.21320343559643
DStarLite,5,55,incremental,1.735856003506342,233,238.21320343559643
DStarLite,5,56,incremental,1.164412999060005,232,237.21320343559643
DStarLite,5,57,incremental,1.40195899803075,231,236.21320343559643
DStarLite,5,58,incremental,1.119148000725545,230,235.21320343559643
DStarLite,5,59,incremental,1.2130040013289545,229,234.21320343559643
DStarLite,5,60,incremental,1.2400439991324674,228,233.21320343559643
DStarLite,5,61,incremental,1.1603200000536162,227,232.21320343559643
DStarLite,5,62,incremental,1.4787190011702478,226,230.79898987322332
DStarLite,5,63,incremental,1.4063649978197645,226,230.79898987322332
DStarLite,5,64,incremental,1.0769260006782133,225,229.38477631085024
DStarLite,5,65,incremental,1.1301390004518908,224,227.97056274847714
DStarLite,5,66,incremental,1.0675099983927794,224,227.97056274847714
DStarLite,5,67,incremental,1.070148002327187,223,226.55634918610406
DStarLite,5,68,incremental,1.100588997360319,222,225.14213562373095
DStarLite,5,69,incremental,1.07849900086876,222,225.14213562373095
DStarLite,5,70,incremental,1.0513839988561813,221,223.72792206135784
DStarLite,5,71,incremental,1.0433620009280276,220,222.31370849898477
DStarLite,5,72,incremental,1.0472079993633088,220,222.31370849898477
DStarLite,5,73,incremental,1.0212979977950454,219,220.89949493661166
DStarLite,5,74,incremental,1.1021300015272573,218,219.48528137423858
DStarLite,5,75,incremental,1.0132490024261642,218,219.48528137423858
DStarLite,5,76,incremental,1.066643999365624,217,218.07106781186548
DStarLite,5,77,incremental,1.043420001224149,216,216.65685424949237
DStarLite,5,78,incremental,1.0454379989823792,216,216.65685424949237
DStarLite,5,79,incremental,1.0726180007623043,215,215.2426406871193
DStarLite,5,80,incremental,1.0093259988934733,214,213.82842712474618
DStarLite,5,81,incremental,1.3573750002251472,214,213.82842712474618
DStarLite,5,82,incremental,1.5028750021883752,213,212.4142135623731
DStarLite,5,83,incremental,1.7331060007563792,212,211.4142135623731
DStarLite,5,84,incremental,1.6206069994950667,211,210.4142135623731
DStarLite,5,85,incremental,1.3812669967592228,210,209.4142135623731
DStarLite,5,86,incremental,1.1244599991186988,209,208.4142135623731
DStarLite,5,87,incremental,1.0067450020869728,208,207.4142135623731
DStarLite,5,88,incremental,1.0601889989629854,207,206.4142135623731
DStarLite,5,89,incremental,1.0205319995293394,206,205.4142135623731
DStarLite,5,90,incremental,1.0575550004432444,205,204.4142135623731
DStarLite,5,91,incremental,0.994306003121892,204,203.4142135623731
DStarLite,5,92,incremental,0.9671959996921942,203,202.4142135623731
DStarLite,5,93,incremental,0.9761589972185902,202,201.4142135623731
DStarLite,5,94,incremental,1.0090510004374664,201,200.4142135623731
DStarLite,5,95,incremental,0.9745709976414219,200,199.4142135623731
DStarLite,5,96,incremental,0.9576180018484592,199,198.4142135623731
DStarLite,5,97,incremental,1.1292000017419923,198,197.4142135623731
DStarLite,5,98,incremental,1.0186920007981826,197,196.4142135623731
DStarLite,5,99,incremental,0.9271710005123168,196,195.4142135623731
DStarLite,5,100,incremental,1.1166479998792056,195,194.4142135623731
DStarLite,5,101,incremental,0.9463160022278316,194,193.4142135623731
DStarLite,5,102,incremental,0.9462420021009166,193,192.4142135623731
DStarLite,5,103,incremental,0.9840560014708899,192,191.4142135623731
DStarLite,5,104,incremental,1.3895670017518569,191,190.4142135623731
DStarLite,5,105,incremental,1.0625179966154974,190,189.4142135623731
DStarLite,5,106,incremental,0.9997790002671536,189,188.4142135623731
DStarLite,5,107,incremental,0.9811760028242134,188,187.4142135623731
DStarLite,5,108,incremental,0.9674450011516456,187,186.4142135623731
DStarLite,5,109,incremental,0.9911720007949043,186,185.4142135623731
DStarLite,5,110,incremental,1.1148889971082099,185,184.4142135623731
DStarLite,5,111,incremental,0.9774820027814712,184,183.4142135623731
DStarLite,5,112,incremental,1.0282700022798963,183,182.4142135623731
DStarLite,5,113,incremental,1.109308999730274,182,181.0
DStarLite,5,114,incremental,0.9630169988668058,181,180.0
DStarLite,5,115,incremental,1.0046449970104732,180,179.0
DStarLite,5,116,incremental,0.924267998925643,179,178.0
DStarLite,5,117,incremental,1.4366799987328704,178,177.0
DStarLite,5,118,incremental,1.122047000535531,177,176.0
DStarLite,5,119,incremental,0.873369997862028,176,175.0
DStarLite,5,120,incremental,1.1303849969408475,175,174.0
DStarLite,5,121,incremental,1.071028000296792,174,173.0
DStarLite,5,122,incremental,1.2546469988592435,173,172.0
DStarLite,5,123,incremental,0.9908540014293976,172,171.0
DStarLite,5,124,incremental,0.9387259997311048,171,170.0
DStarLite,5,125,incremental,0.9043399986694567,170,169.0
DStarLite,5,126,incremental,0.8396289995289408,169,168.0
DStarLite,5,127,incremental,0.7872030000726227,168,167.0
DStarLite,5,128,incremental,0.8094719996734057,167,166.0
DStarLite,5,129,incremental,1.0143750005227048,166,165.0
DStarLite,5,130,incremental,0.8678859994688537,165,164.0
DStarLite,5,131,incremental,0.8366629990632646,164,163.0
DStarLite,5,132,incremental,0.8669849994475953,163,162.0
DStarLite,5,133,incremental,0.8066840018727817,162,161.0
DStarLite,5,134,incremental,0.9415509994141757,161,160.0
DStarLite,5,135,incremental,0.793135001003975,160,159.0
DStarLite,5,136,incremental,0.8271329970739316,159,158.0
DStarLite,5,137,incremental,0.8829360012896359,158,157.0
DStarLite,5,138,incremental,0.7988020006450824,157,156.0
DStarLite,5,139,incremental,0.8623939975223038,156,155.0
DStarLite,5,140,incremental,0.8287639975605998,155,154.0
DStarLite,5,141,incremental,0.8003500006452668,154,153.0
DStarLite,5,142,incremental,0.7507089976570569,153,152.0
DStarLite,5,143,incremental,0.8332369980053045,152,151.0
DStarLite,5,144,incremental,0.7761589986330364,151,150.0
DStarLite,5,145,incremental,0.7884650003688876,150,149.0
DStarLite,5,146,incremental,0.8970609997049905,149,148.0
DStarLite,5,147,incremental,0.7524280008510686,148,147.0
DStarLite,5,148,incremental,0.7772800017846748,147,146.0
DStarLite,5,149,incremental,0.7368439983110875,146,145.0
DStarLite,5,150,incremental,0.7471300014003646,145,144.0
DStarLite,5,151,incremental,0.9220339998137206,144,143.0
DStarLite,5,152,incremental,0.802894002845278,143,142.0
DStarLite,5,153,incremental,1.2452289993234444,142,141.0
DStarLite,5,154,incremental,0.7613480011059437,141,140.0
DStarLite,5,155,incremental,0.7091749976098072,140,139.0
DStarLite,5,156,incremental,0.6738289994245861,139,138.0
DStarLite,5,157,incremental,0.7067629994708113,138,137.0
DStarLite,5,158,incremental,0.6549589998030569,137,136.0
DStarLite,5,159,incremental,0.6734720009262674,136,135.0
DStarLite,5,160,incremental,0.6799389993830118,135,134.0
DStarLite,5,161,incremental,0.7713520026300102,134,133.0
DStarLite,5,162,incremental,0.6675130025541876,133,132.0
DStarLite,5,163,incremental,0.6507949983642902,132,131.0
DStarLite,5,164,incremental,0.7221949999802746,131,130.0
DStarLite,5,165,incremental,0.6929820010554977,130,129.0
DStarLite,5,166,incremental,0.705670998286223,129,128.0
DStarLite,5,167,incremental,0.6481659984274302,128,127.0
DStarLite,5,168,incremental,0.6145849984022789,127,126.0
DStarLite,5,169,incremental,0.7063410012051463,126,125.0
DStarLite,5,170,incremental,0.6517980000353418,125,124.0
DStarLite,5,171,incremental,0.6262130009417888,124,123.0
DStarLite,5,172,incremental,0.6372319985530339,123,122.0
DStarLite,5,173,incremental,0.6290919991442934,122,121.0
DStarLite,5,174,incremental,0.5802859996038023,121,120.0
DStarLite,5,175,incremental,0.7101450028130785,120,119.0
DStarLite,5,176,incremental,0.6854769999335986,119,118.0
DStarLite,5,177,incremental,0.5962169998383615,118,117.0
DStarLite,5,178,incremental,0.6613119985559024,117,116.0
DStarLite,5,179,incremental,0.5835129995830357,116,115.0
DStarLite,5,180,incremental,0.6049459989299066,115,114.0
DStarLite,5,181,incremental,0.7179690001066774,114,113.0
DStarLite,5,182,incremental,0.589486000535544,113,112.0
DStarLite,5,183,incremental,0.5738489999203011,112,111.0
DStarLite,5,184,incremental,0.6018720014253631,111,110.0
DStarLite,5,185,incremental,0.5509149996214546,110,109.0
DStarLite,5,186,incremental,0.6367620007949881,109,108.0
DStarLite,5,187,incremental,0.5272429989418015,108,107.0
DStarLite,5,188,incremental,0.5403869981819298,107,106.0
DStarLite,5,189,incremental,0.5163809983059764,106,105.0
DStarLite,5,190,incremental,0.5462549997901078,105,104.0
DStarLite,5,191,incremental,0.5254400020930916,104,103.0
DStarLite,5,192,incremental,0.5288849970384035,103,102.0
DStarLite,5,193,incremental,0.5178719984542113,102,101.0
DStarLite,5,194,incremental,0.48577100096736103,101,100.0
DStarLite,5,195,incremental,0.5160930013516918,100,99.0
DStarLite,5,196,incremental,0.5187089991522953,99,98.0
DStarLite,5,197,incremental,0.5034570021962281,98,97.0
DStarLite,5,198,incremental,0.5085579978185706,97,96.0
DStarLite,5,199,incremental,0.7010769986663945,96,95.0
DStarLite,6,0,full_init,327.5129880021268,281,318.9360748630717
DStarLite,6,1,incremental,1.3194249986554496,281,318.9360748630717
DStarLite,6,2,incremental,1.334199001576053,280,317.9360748630717
DStarLite,6,3,incremental,1.2964489978912752,279,316.9360748630717
DStarLite,6,4,incremental,1.2794360009138472,278,315.9360748630717
DStarLite,6,5,incremental,1.2637830004678108,277,314.9360748630717
DStarLite,6,6,incremental,1.3764809991698712,276,313.9360748630717
DStarLite,6,7,incremental,1.333479998720577,275,312.9360748630717
DStarLite,6,8,incremental,1.307704998907866,274,311.9360748630717
DStarLite,6,9,incremental,1.2702130006800871,273,310.9360748630717
DStarLite,6,10,incremental,1.2157980017946102,272,309.9360748630717
DStarLite,6,11,incremental,1.273191002837848,271,308.9360748630717
DStarLite,6,12,incremental,1.6239340002357494,270,307.93607486307167
DStarLite,6,13,incremental,1.2856770008511376,269,306.93607486307167
DStarLite,6,14,incremental,1.2796800001524389,268,305.93607486307167
DStarLite,6,15,incremental,1.2751089998346288,267,304.93607486307167
DStarLite,6,16,incremental,1.2649849995796103,266,303.93607486307167
DStarLite,6,17,incremental,1.2692929994955193,265,302.93607486307167
DStarLite,6,18,incremental,1.3000749968341552,264,301.9360748630716
DStarLite,6,19,incremental,1.249741999345133,263,300.9360748630716
DStarLite,6,20,incremental,2.1920309991401155,262,299.9360748630716
DStarLite,6,21,incremental,1.6927979995671194,261,298.9360748630716
DStarLite,6,22,incremental,1.6086530013126321,260,297.9360748630716
DStarLite,6,23,incremental,1.5870239985815715,259,296.9360748630716
DStarLite,6,24,incremental,1.5058120006870013,258,295.9360748630716
DStarLite,6,25,incremental,1.2381230008031707,257,294.9360748630716
DStarLite,6,26,incremental,1.1608829991018865,256,293.93607486307155
DStarLite,6,27,incremental,1.2453830022423062,255,292.93607486307155
DStarLite,6,28,incremental,1.2915679981233552,254,291.93607486307155
DStarLite,6,29,incremental,1.177789999928791,253,290.93607486307155
DStarLite,6,30,incremental,1.2352740013739094,252,289.93607486307155
DStarLite,6,31,incremental,1.1676210015139077,251,288.93607486307155
DStarLite,6,32,incremental,1.1252950025664177,250,287.93607486307155
DStarLite,6,33,incremental,1.1657969989755657,249,286.93607486307155
DStarLite,6,34,incremental,1.181724997877609,248,285.93607486307155
DStarLite,6,35,incremental,1.192432999232551,247,284.93607486307155
DStarLite,6,36,incremental,1.2343470007181168,246,283.93607486307155
DStarLite,6,37,incremental,1.3243319990579039,245,282.93607486307155
DStarLite,6,38,incremental,1.2428180016286206,244,281.9360748630715
DStarLite,6,39,incremental,1.240705998498015,243,280.9360748630715
DStarLite,6,40,incremental,1.2888480014225934,242,279.93607486307144
DStarLite,6,41,incremental,1.290511998377042,241,278.93607486307144
DStarLite,6,42,incremental,1.3507530020433478,240,277.93607486307144
DStarLite,6,43,incremental,1.5282929998647887,239,276.93607486307144
DStarLite,6,44,incremental,1.2470770016079769,238,275.93607486307144
DStarLite,6,45,incremental,1.1583720006456133,237,274.93607486307144
DStarLite,6,46,incremental,1.173410997580504,236,273.93607486307144
DStarLite,6,47,incremental,1.5572060001431964,235,272.93607486307144
DStarLite,6,48,incremental,1.4992479991633445,234,271.93607486307144
DStarLite,6,49,incremental,1.097639000363415,233,270.52186130069833
DStarLite,6,50,incremental,1.0846740005945321,233,270.52186130069833
DStarLite,6,51,incremental,1.2139149985159747,232,269.1076477383252
DStarLite,6,52,incremental,1.1550039998837747,231,267.6934341759521
DStarLite,6,53,incremental,1.4209360015229322,231,267.6934341759521
DStarLite,6,54,incremental,1.0717320001276676,230,266.279220613579
DStarLite,6,55,incremental,1.0851459992409218,229,264.8650070512059
DStarLite,6,56,incremental,1.0605310017126612,229,264.8650070512059
DStarLite,6,57,incremental,1.1322899990773294,228,263.4507934888328
DStarLite,6,58,incremental,1.0484880003787111,227,262.03657992645975
DStarLite,6,59,incremental,1.2063050016877241,227,262.03657992645975
DStarLite,6,60,incremental,1.054821001162054,226,260.62236636408664
DStarLite,6,61,incremental,1.0452050009917002,225,259.20815280171354
DStarLite,6,62,incremental,1.1151929975312669,225,259.20815280171354
DStarLite,6,63,incremental,1.044302000082098,224,257.79393923934043
DStarLite,6,64,incremental,1.0472479989402927,223,256.3797256769674
DStarLite,6,65,incremental,1.0379110026406124,223,256.3797256769674
DStarLite,6,66,incremental,1.0666989983292297,222,254.96551211459428
DStarLite,6,67,incremental,1.2093969999114051,221,253.55129855222117
DStarLite,6,68,incremental,1.1673740009428002,221,253.55129855222117
DStarLite,6,69,incremental,1.1285869986750185,220,252.13708498984806
DStarLite,6,70,incremental,0.9877679985947907,219,250.72287142747496
DStarLite,6,71,incremental,1.052425999660045,219,250.72287142747496
DStarLite,6,72,incremental,1.0156089992960915,218,249.30865786510188
DStarLite,6,73,incremental,1.1459489978733473,217,247.89444430272877
DStarLite,6,74,incremental,1.001829998131143,217,247.89444430272877
DStarLite,6,75,incremental,1.117045001592487,216,246.48023074035564
DStarLite,6,76,incremental,1.5497590029553976,215,245.06601717798253
DStarLite,6,77,incremental,1.4002159987285268,215,245.06601717798253
DStarLite,6,78,incremental,1.0837670015462209,214,243.65180361560942
DStarLite,6,79,incremental,1.0826430007000454,213,242.65180361560942
DStarLite,6,80,incremental,1.34292900111177,212,241.65180361560942
DStarLite,6,81,incremental,1.061874001607066,211,240.6518036156094
DStarLite,6,82,incremental,1.0324260001652874,210,239.6518036156094
DStarLite,6,83,incremental,1.0275660024490207,209,238.6518036156094
DStarLite,6,84,incremental,0.9729019984661136,208,237.65180361560937
DStarLite,6,85,incremental,0.9905209990392905,207,236.65180361560937
DStarLite,6,86,incremental,1.1399110007914715,206,235.65180361560937
DStarLite,6,87,incremental,0.9619340016797651,205,234.65180361560937
DStarLite,6,88,incremental,0.9464480026508681,204,233.65180361560937
DStarLite,6,89,incremental,0.9557060002407525,203,232.65180361560937
DStarLite,6,90,incremental,1.029084000037983,202,231.65180361560937
DStarLite,6,91,incremental,0.9675100009189919,201,230.65180361560937
DStarLite,6,92,incremental,0.9326379986305255,200,229.65180361560937
DStarLite,6,93,incremental,0.9177360007015523,199,228.65180361560937
DStarLite,6,94,incremental,0.9343019992229529,198,227.65180361560937
DStarLite,6,95,incremental,1.2579499998537358,197,226.65180361560937
DStarLite,6,96,incremental,0.9859230012807529,196,225.65180361560937
DStarLite,6,97,incremental,0.9306520005338825,195,224.65180361560937
DStarLite,6,98,incremental,0.9615179988031741,194,223.65180361560937
DStarLite,6,99,incremental,0.9046179984579794,193,222.65180361560937
DStarLite,6,100,incremental,0.872448999871267,192,221.65180361560937
DStarLite,6,101,incremental,0.914281998120714,191,220.65180361560937
DStarLite,6,102,incremental,0.9723340008349624,190,219.65180361560937
DStarLite,6,103,incremental,0.9037759991770145,189,218.65180361560937
DStarLite,6,104,incremental,1.0050509990833234,188,217.65180361560937
DStarLite,6,105,incremental,0.9056369999598246,187,216.65180361560937
DStarLite,6,106,incremental,0.8883310001692735,186,215.65180361560937
DStarLite,6,107,incremental,1.0205170001427177,185,214.65180361560937
DStarLite,6,108,incremental,1.260764998733066,184,213.65180361560937
DStarLite,6,109,incremental,1.020889001665637,183,212.65180361560937
DStarLite,6,110,incremental,0.9287929970014375,182,211.65180361560937
DStarLite,6,111,incremental,0.9896069968817756,181,210.65180361560937
DStarLite,6,112,incremental,0.8225810015574098,180,209.65180361560934
DStarLite,6,113,incremental,0.8500930016452912,179,208.65180361560934
DStarLite,6,114,incremental,0.8298210013890639,178,207.65180361560934
DStarLite,6,115,incremental,0.9533359989291057,177,206.6518036156093
DStarLite,6,116,incremental,0.940279001952149,176,205.6518036156093
DStarLite,6,117,incremental,0.8791099971858785,175,204.6518036156093
DStarLite,6,118,incremental,0.8223000004363712,174,203.6518036156093
DStarLite,6,119,incremental,0.8854410007188562,173,202.65180361560928
DStarLite,6,120,incremental,0.8401550003327429,172,201.65180361560928
DStarLite,6,121,incremental,0.8637520004413091,171,200.65180361560928
DStarLite,6,122,incremental,0.8215140005631838,170,199.65180361560928
DStarLite,6,123,incremental,0.8330000018759165,169,198.65180361560928
DStarLite,6,124,incremental,0.7955820001370739,168,197.65180361560925
DStarLite,6,125,incremental,0.7654469991393853,167,196.65180361560925
DStarLite,6,126,incremental,0.7971730010467581,166,195.65180361560923
DStarLite,6,127,incremental,0.8119320009427611,165,194.65180361560923
DStarLite,6,128,incremental,0.8125370004563592,164,193.65180361560923
DStarLite,6,129,incremental,0.8769689993641805,163,192.6518036156092
DStarLite,6,130,incremental,0.7861630001571029,162,191.65180361560923
DStarLite,6,131,incremental,0.7601100005558692,161,190.6518036156092
DStarLite,6,132,incremental,0.7370349994744174,160,189.6518036156092
DStarLite,6,133,incremental,0.7631200023752172,159,188.6518036156092
DStarLite,6,134,incremental,0.7511029980378225,158,187.6518036156092
DStarLite,6,135,incremental,0.7259849990077782,157,186.65180361560917
DStarLite,6,136,incremental,0.7610840002598707,156,185.65180361560917
DStarLite,6,137,incremental,0.7056419999571517,155,184.65180361560917
DStarLite,6,138,incremental,0.7753280005999841,154,183.65180361560914
DStarLite,6,139,incremental,0.6986959997448139,153,182.65180361560914
DStarLite,6,140,incremental,0.7074369968904648,152,181.65180361560914
DStarLite,6,141,incremental,0.7281510006578173,151,180.23759005323603
DStarLite,6,142,incremental,0.6983950006542727,151,180.23759005323603
DStarLite,6,143,incremental,0.8785750032984652,150,178.82337649086293
DStarLite,6,144,incremental,0.7958300011523534,149,177.40916292848982
DStarLite,6,145,incremental,0.709253999957582,149,177.40916292848982
DStarLite,6,146,incremental,0.7690710008319002,148,175.9949493661167
DStarLite,6,147,incremental,0.7389469974441454,147,174.5807358037436
DStarLite,6,148,incremental,0.689122000039788,147,174.5807358037436
DStarLite,6,149,incremental,0.7631580010638572,146,173.1665222413705
DStarLite,6,150,incremental,0.7435199986502994,145,171.7523086789974
DStarLite,6,151,incremental,0.7675349988858216,145,171.7523086789974
DStarLite,6,152,incremental,0.7305200015252922,144,170.3380951166243
DStarLite,6,153,incremental,0.7006199994066264,143,168.92388155425115
DStarLite,6,154,incremental,0.7168199990701396,143,168.92388155425115
DStarLite,6,155,incremental,0.6903529974806588,142,167.50966799187805
DStarLite,6,156,incremental,0.9528629998385441,141,166.09545442950494
DStarLite,6,157,incremental,0.8486430015182123,141,166.09545442950494
DStarLite,6,158,incremental,1.0392510012025014,140,164.68124086713183
DStarLite,6,159,incremental,0.7056260001263581,139,163.26702730475873
DStarLite,6,160,incremental,1.154191999376053,139,163.26702730475873
DStarLite,6,161,incremental,0.9428960001969244,138,161.85281374238562
DStarLite,6,162,incremental,0.6743890007783193,137,160.43860018001251
DStarLite,6,163,incremental,0.6503180011350196,137,160.43860018001251
DStarLite,6,164,incremental,0.6562900016433559,136,159.0243866176394
DStarLite,6,165,incremental,0.6482589997176547,135,157.61017305526627
DStarLite,6,166,incremental,0.6592069985345006,135,157.61017305526627
DStarLite,6,167,incremental,0.6594890000997111,134,156.1959594928932
DStarLite,6,168,incremental,0.619080998149002,133,154.78174593052012
DStarLite,6,169,incremental,0.6250350015761796,133,154.78174593052012
DStarLite,6,170,incremental,0.6334040008368902,132,153.367532368147
DStarLite,6,171,incremental,0.6012129997543525,131,151.9533188057739
DStarLite,6,172,incremental,0.6311840006674174,131,151.9533188057739
DStarLite,6,173,incremental,0.6151409979793243,130,150.5391052434008
DStarLite,6,174,incremental,0.6158120013424195,129,149.12489168102775
DStarLite,6,175,incremental,0.6424099992727861,129,149.12489168102775
DStarLite,6,176,incremental,0.6303879999904893,128,147.71067811865464
DStarLite,6,177,incremental,0.5904140016355086,127,146.29646455628153
DStarLite,6,178,incremental,0.603903998126043,127,146.29646455628153
DStarLite,6,179,incremental,0.6470939988503233,126,144.88225099390846
DStarLite,6,180,incremental,0.6250580008781981,125,143.46803743153538
DStarLite,6,181,incremental,0.6568349999724887,124,142.46803743153538
DStarLite,6,182,incremental,0.6410649984900374,123,141.46803743153538
DStarLite,6,183,incremental,0.6094880009186454,122,140.46803743153538
DStarLite,6,184,incremental,0.6129230023361742,121,139.46803743153538
DStarLite,6,185,incremental,0.6260609989112709,120,138.46803743153538
DStarLite,6,186,incremental,0.5837130011059344,119,137.46803743153538
DStarLite,6,187,incremental,0.6918340004631318,118,136.46803743153538
DStarLite,6,188,incremental,0.9679889990366064,117,135.46803743153538
DStarLite,6,189,incremental,0.9404640004504472,116,134.46803743153538
DStarLite,6,190,incremental,0.6485740013886243,115,133.46803743153538
DStarLite,6,191,incremental,0.6907539973326493,114,132.46803743153538
DStarLite,6,192,incremental,0.6744299971614964,113,131.46803743153538
DStarLite,6,193,incremental,0.6256839988054708,112,130.46803743153538
DStarLite,6,194,incremental,0.717981001798762,111,129.46803743153538
DStarLite,6,195,incremental,0.7797760008543264,110,128.46803743153538
DStarLite,6,196,incremental,0.8436339994659647,109,127.46803743153536
DStarLite,6,197,incremental,0.5643500007863622,108,126.46803743153536
DStarLite,6,198,incremental,0.5379889989853837,107,125.46803743153536
DStarLite,6,199,incremental,0.5361940020520706,106,124.46803743153536
DStarLite,7,0,full_init,351.27184800148825,282,300.46803743153555
DStarLite,7,1,incremental,1.6368479991797358,282,300.46803743153555
DStarLite,7,2,incremental,1.707916999293957,281,299.46803743153555
DStarLite,7,3,incremental,1.4361779976752587,280,298.46803743153555
DStarLite,7,4,incremental,1.6396829996665474,279,297.46803743153555
DStarLite,7,5,incremental,1.5369229986390565,278,296.46803743153555
DStarLite,7,6,incremental,1.6600490016571712,277,295.46803743153555
DStarLite,7,7,incremental,1.3200840003264602,276,294.46803743153555
DStarLite,7,8,incremental,1.5181649978330825,275,293.46803743153555
DStarLite,7,9,incremental,1.3206119983806275,274,292.05382386916244
DStarLite,7,10,incremental,1.2686210029642098,274,292.05382386916244
DStarLite,7,11,incremental,1.3391909997153562,273,290.63961030678934
DStarLite,7,12,incremental,1.5281080013664905,272,289.22539674441623
DStarLite,7,13,incremental,1.4131079988146666,272,289.22539674441623
DStarLite,7,14,incremental,1.3601360005850438,271,287.8111831820431
DStarLite,7,15,incremental,1.201581002533203,270,286.3969696196701
DStarLite,7,16,incremental,1.2678450002567843,270,286.3969696196701
DStarLite,7,17,incremental,1.3094260029902216,269,284.98275605729697
DStarLite,7,18,incremental,1.2570910002978053,268,283.56854249492386
DStarLite,7,19,incremental,1.4040620008017868,268,283.56854249492386
DStarLite,7,20,incremental,1.2543169978016522,267,282.1543289325508
DStarLite,7,21,incremental,1.276852999581024,266,280.7401153701777
DStarLite,7,22,incremental,1.3427490011963528,266,280.7401153701777
DStarLite,7,23,incremental,1.2381420019664802,265,279.3259018078046
DStarLite,7,24,incremental,1.3941159995738417,264,277.9116882454315
DStarLite,7,25,incremental,1.8225849998998456,264,277.9116882454315
DStarLite,7,26,incremental,1.8553480003902223,263,276.4974746830584
DStarLite,7,27,incremental,1.5518689979217015,262,275.0832611206853
DStarLite,7,28,incremental,1.8809890025295317,261,274.08326112068534
DStarLite,7,29,incremental,1.3106639999023173,260,273.08326112068534
DStarLite,7,30,incremental,1.3128710015735123,259,272.08326112068534
DStarLite,7,31,incremental,1.183470001706155,258,271.08326112068534
DStarLite,7,32,incremental,1.2553429987747222,257,270.08326112068534
DStarLite,7,33,incremental,1.427888000762323,256,269.08326112068534
DStarLite,7,34,incremental,1.174360000732122,255,268.08326112068534
DStarLite,7,35,incremental,1.2241100012033712,254,267.08326112068534
DStarLite,7,36,incremental,1.2238259987498168,253,266.08326112068534
DStarLite,7,37,incremental,1.1812020020443015,252,265.08326112068534
DStarLite,7,38,incremental,1.1725250005838461,251,264.08326112068534
DStarLite,7,39,incremental,1.2039700013701804,250,263.08326112068534
DStarLite,7,40,incremental,1.1885370004165452,249,262.08326112068534
DStarLite,7,41,incremental,1.3853540003765374,248,261.08326112068534
DStarLite,7,42,incremental,1.4850130028207786,247,260.08326112068534
DStarLite,7,43,incremental,1.3829499985149596,246,259.08326112068534
DStarLite,7,44,incremental,1.2150550028309226,245,258.08326112068534
DStarLite,7,45,incremental,1.1699650021910202,244,257.08326112068534
DStarLite,7,46,incremental,1.1382530028640758,243,256.08326112068534
DStarLite,7,47,incremental,1.1148120029247366,242,255.08326112068536
DStarLite,7,48,incremental,1.211773997056298,241,254.08326112068536
DStarLite,7,49,incremental,1.192851999803679,240,253.08326112068536
DStarLite,7,50,incremental,2.8033290000166744,241,254.08326112068536
DStarLite,7,51,incremental,1.1496330007503275,240,253.08326112068536
DStarLite,7,52,incremental,1.517027001682436,239,251.6690475583123
DStarLite,7,53,incremental,1.457016998756444,238,250.6690475583123
DStarLite,7,54,incremental,1.5988280028977897,238,250.25483399593918
DStarLite,7,55,incremental,1.148472998465877,237,249.25483399593918
DStarLite,7,56,incremental,1.2216319992148783,236,247.84062043356607
DStarLite,7,57,incremental,1.1315500014461577,236,247.84062043356607
DStarLite,7,58,incremental,1.1322850004944485,235,246.426406871193
DStarLite,7,59,incremental,1.1154000021633692,234,245.0121933088199
DStarLite,7,60,incremental,1.1441710012149997,234,245.0121933088199
DStarLite,7,61,incremental,1.117851999879349,233,243.5979797464468
DStarLite,7,62,incremental,1.1116120003862306,232,242.1837661840737
DStarLite,7,63,incremental,1.2958090010215528,232,242.1837661840737
DStarLite,7,64,incremental,1.0955680008919444,231,240.7695526217006
DStarLite,7,65,incremental,1.069048001227202,230,239.3553390593275
DStarLite,7,66,incremental,1.0911669996858109,230,239.3553390593275
DStarLite,7,67,incremental,1.083457002096111,229,237.9411254969544
DStarLite,7,68,incremental,1.0872659986489452,228,236.52691193458134
DStarLite,7,69,incremental,1.0491989996808115,228,236.52691193458134
DStarLite,7,70,incremental,1.0673590004444122,227,235.11269837220823
DStarLite,7,71,incremental,1.3648099993588403,226,233.69848480983512
DStarLite,7,72,incremental,1.109847999032354,226,233.69848480983512
DStarLite,7,73,incremental,1.1338769982103258,225,232.28427124746202
DStarLite,7,74,incremental,1.0743389975687023,224,230.87005768508894
DStarLite,7,75,incremental,1.0565990014583804,224,230.87005768508894
DStarLite,7,76,incremental,1.5280260013241787,223,229.45584412271583
DStarLite,7,77,incremental,1.141035001637647,222,228.04163056034275
DStarLite,7,78,incremental,1.1336940006003715,222,228.04163056034275
DStarLite,7,79,incremental,1.0717069999373052,221,226.62741699796965
DStarLite,7,80,incremental,1.044908000039868,220,225.21320343559654
DStarLite,7,81,incremental,1.2497399984567892,220,225.21320343559654
DStarLite,7,82,incremental,1.0503120029170532,219,223.79898987322346
DStarLite,7,83,incremental,1.1610319997998886,218,222.38477631085036
DStarLite,7,84,incremental,1.056424000125844,218,222.38477631085036
DStarLite,7,85,incremental,1.0718510020524263,217,220.97056274847728
DStarLite,7,86,incremental,1.011585001833737,216,219.55634918610417
DStarLite,7,87,incremental,1.035414999932982,215,218.55634918610417
DStarLite,7,88,incremental,0.9936110000126064,214,217.55634918610417
DStarLite,7,89,incremental,1.0044480004580691,213,216.55634918610417
DStarLite,7,90,incremental,1.190300998132443,212,215.55634918610417
DStarLite,7,91,incremental,1.0415129981993232,211,214.55634918610417
DStarLite,7,92,incremental,0.998849998723017,210,213.55634918610417
DStarLite,7,93,incremental,0.9745379975356627,209,212.55634918610417
DStarLite,7,94,incremental,0.9985309989133384,208,211.55634918610414
DStarLite,7,95,incremental,0.9688169993751217,207,210.55634918610414
DStarLite,7,96,incremental,0.9616540010028984,206,209.55634918610414
DStarLite,7,97,incremental,0.961025998549303,205,208.55634918610411
DStarLite,7,98,incremental,0.9505519992671907,204,207.55634918610411
DStarLite,7,99,incremental,1.1720289985532872,203,206.55634918610411
DStarLite,7,100,incremental,0.9798710016184486,202,205.5563491861041
DStarLite,7,101,incremental,0.9514490011497401,201,204.5563491861041
DStarLite,7,102,incremental,0.9709049991215579,200,203.5563491861041
DStarLite,7,103,incremental,0.9673539971117862,199,202.5563491861041
DStarLite,7,104,incremental,0.9969399980036542,198,201.5563491861041
DStarLite,7,105,incremental,1.009562001854647,197,200.5563491861041
DStarLite,7,106,incremental,1.0664709989214316,196,199.5563491861041
DStarLite,7,107,incremental,1.3550459989346564,195,198.5563491861041
DStarLite,7,108,incremental,1.2741239988827147,194,197.5563491861041
DStarLite,7,109,incremental,1.2239919997227844,193,196.5563491861041
DStarLite,7,110,incremental,1.1822720007330645,192,195.5563491861041
DStarLite,7,111,incremental,1.0481650024303235,191,194.5563491861041
DStarLite,7,112,incremental,1.1164580027980264,190,193.5563491861041
DStarLite,7,113,incremental,0.9761149995028973,189,192.5563491861041
DStarLite,7,114,incremental,0.9257960009563249,188,191.5563491861041
DStarLite,7,115,incremental,0.9255280019715428,187,190.5563491861041
DStarLite,7,116,incremental,0.977838000835618,186,189.5563491861041
DStarLite,7,117,incremental,0.9221010004694108,185,188.5563491861041
DStarLite,7,118,incremental,0.9283530016546138,184,187.5563491861041
DStarLite,7,119,incremental,0.9425110001757275,183,186.5563491861041
DStarLite,7,120,incremental,0.938224999117665,182,185.5563491861041
DStarLite,7,121,incremental,0.9271070011891425,181,184.5563491861041
DStarLite,7,122,incremental,1.0044279988505878,180,183.5563491861041
DStarLite,7,123,incremental,0.9990060025302228,179,182.5563491861041
DStarLite,7,124,incremental,0.988937998045003,178,181.5563491861041
DStarLite,7,125,incremental,0.8754570008022711,177,180.5563491861041
DStarLite,7,126,incremental,0.8615299993834924,176,179.5563491861041
DStarLite,7,127,incremental,0.8389030008402187,175,178.5563491861041
DStarLite,7,128,incremental,0.8774630005063955,174,177.5563491861041
DStarLite,7,129,incremental,1.1410840015741996,173,176.5563491861041
DStarLite,7,130,incremental,0.9106649995374028,172,175.5563491861041
DStarLite,7,131,incremental,0.8399599973927252,171,174.5563491861041
DStarLite,7,132,incremental,0.8306100025947671,170,173.5563491861041
DStarLite,7,133,incremental,0.8325490016432013,169,172.5563491861041
DStarLite,7,134,incremental,0.8257660010713153,168,171.5563491861041
DStarLite,7,135,incremental,0.8482870034640655,167,170.5563491861041
DStarLite,7,136,incremental,0.8602769994467963,166,169.5563491861041
DStarLite,7,137,incremental,0.8488819985359441,165,168.5563491861041
DStarLite,7,138,incremental,0.8121570026560221,164,167.5563491861041
DStarLite,7,139,incremental,0.8551920000172686,163,166.5563491861041
DStarLite,7,140,incremental,0.869053001224529,162,165.5563491861041
DStarLite,7,141,incremental,0.8320089982589707,161,164.5563491861041
DStarLite,7,142,incremental,0.8588229975430295,160,163.5563491861041
DStarLite,7,143,incremental,0.875540998094948,159,162.5563491861041
DStarLite,7,144,incremental,0.8248689991887659,158,161.5563491861041
DStarLite,7,145,incremental,0.8091820018307772,157,160.5563491861041
DStarLite,7,146,incremental,1.2726829991152044,156,159.5563491861041
DStarLite,7,147,incremental,0.8875220009940676,155,158.5563491861041
DStarLite,7,148,incremental,0.9378620015922934,154,157.5563491861041
DStarLite,7,149,incremental,0.8524240001861472,153,156.5563491861041
DStarLite,7,150,incremental,0.8533190011803526,152,155.5563491861041
DStarLite,7,151,incremental,0.7713539998803753,151,154.5563491861041
DStarLite,7,152,incremental,0.7582279977214057,150,153.5563491861041
DStarLite,7,153,incremental,0.7399819987767842,149,152.5563491861041
DStarLite,7,154,incremental,0.7544979998783674,148,151.5563491861041
DStarLite,7,155,incremental,0.7262719991558697,147,150.5563491861041
DStarLite,7,156,incremental,0.8415060001425445,146,149.5563491861041
DStarLite,7,157,incremental,0.8185629994841293,145,148.5563491861041
DStarLite,7,158,incremental,0.7764609981677495,144,147.5563491861041
DStarLite,7,159,incremental,0.8905320028134156,143,146.5563491861041
DStarLite,7,160,incremental,1.3003099993511569,142,145.5563491861041
DStarLite,7,161,incremental,0.6957859986869153,141,144.5563491861041
DStarLite,7,162,incremental,0.6687140012218151,140,143.5563491861041
DStarLite,7,163,incremental,0.6720240016875323,139,142.5563491861041
DStarLite,7,164,incremental,0.6774460016458761,138,141.5563491861041
DStarLite,7,165,incremental,0.8999700003187172,137,140.5563491861041
DStarLite,7,166,incremental,0.6794910004828125,136,139.5563491861041
DStarLite,7,167,incremental,0.7485440000891685,135,138.5563491861041
DStarLite,7,168,incremental,0.6894319994898979,134,137.5563491861041
DStarLite,7,169,incremental,0.6632539989368524,133,136.5563491861041
DStarLite,7,170,incremental,0.6995229996391572,132,135.5563491861041
DStarLite,7,171,incremental,0.6242810013645794,131,134.5563491861041
DStarLite,7,172,incremental,0.6396120006684214,130,133.55634918610406
DStarLite,7,173,incremental,0.6604139998671599,129,132.55634918610406
DStarLite,7,174,incremental,0.6293070000538137,128,131.55634918610406
DStarLite,7,175,incremental,0.6296440005826298,127,130.55634918610403
DStarLite,7,176,incremental,0.6537570006912574,126,129.55634918610403
DStarLite,7,177,incremental,0.6250510014069732,125,128.55634918610403
DStarLite,7,178,incremental,0.6169129992485978,124,127.55634918610401
DStarLite,7,179,incremental,0.6277840002439916,123,126.55634918610401
DStarLite,7,180,incremental,0.6068229995435104,122,125.55634918610401
DStarLite,7,181,incremental,0.6700850026390981,121,124.55634918610401
DStarLite,7,182,incremental,0.592920998315094,120,123.55634918610401
DStarLite,7,183,incremental,0.5883970006834716,119,122.55634918610401
DStarLite,7,184,incremental,0.5860460005351342,118,121.55634918610401
DStarLite,7,185,incremental,0.6101090002630372,117,120.55634918610401
DStarLite,7,186,incremental,0.5638190013996791,116,119.55634918610401
DStarLite,7,187,incremental,0.6170580018078908,115,118.55634918610401
DStarLite,7,188,incremental,0.7638800016138703,114,117.55634918610401
DStarLite,7,189,incremental,1.2183719991298858,113,116.55634918610401
DStarLite,7,190,incremental,0.9672260021034162,112,115.55634918610401
DStarLite,7,191,incremental,0.5995259998599067,111,114.55634918610401
DStarLite,7,192,incremental,0.5352849984774366,110,113.55634918610401
DStarLite,7,193,incremental,0.5437910003820434,109,112.55634918610403
DStarLite,7,194,incremental,0.5926270023337565,108,111.55634918610403
DStarLite,7,195,incremental,0.5513719988812227,107,110.55634918610403
DStarLite,7,196,incremental,0.5306950006342959,106,109.55634918610404
DStarLite,7,197,incremental,0.5330599997250829,105,108.55634918610404
DStarLite,7,198,incremental,0.5017809999117162,104,107.55634918610404
DStarLite,7,199,incremental,0.6853270024294034,103,106.55634918610404
DStarLite,8,0,full_init,246.330460999161,281,294.08326112068545
DStarLite,8,1,incremental,2.3416840012941975,281,293.66904755831234
DStarLite,8,2,incremental,1.470549999794457,280,292.25483399593924
DStarLite,8,3,incremental,1.4606609984184615,279,291.25483399593924
DStarLite,8,4,incremental,2.897949001635425,279,290.84062043356613
DStarLite,8,5,incremental,1.561950000905199,278,289.4264068711931
DStarLite,8,6,incremental,1.5254260033543687,277,288.4264068711931
DStarLite,8,7,incremental,1.9656650001707021,277,288.01219330882
DStarLite,8,8,incremental,1.4072640005906578,276,286.59797974644687
DStarLite,8,9,incremental,1.5777130029164255,275,285.59797974644687
DStarLite,8,10,incremental,1.9431930013524834,275,285.18376618407376
DStarLite,8,11,incremental,1.3341270023374818,274,283.76955262170065
DStarLite,8,12,incremental,1.441723001335049,273,282.76955262170065
DStarLite,8,13,incremental,1.6043010000430513,273,282.35533905932755
DStarLite,8,14,incremental,1.2544629971671384,272,280.94112549695444
DStarLite,8,15,incremental,1.350671998807229,271,279.94112549695444
DStarLite,8,16,incremental,1.7908289992192294,271,279.5269119345814
DStarLite,8,17,incremental,1.304343000811059,270,278.1126983722083
DStarLite,8,18,incremental,1.2666650000028312,269,277.1126983722083
DStarLite,8,19,incremental,1.395431001583347,269,276.6984848098352
DStarLite,8,20,incremental,1.39738799771294,268,275.28427124746213
DStarLite,8,21,incremental,1.4430730007006787,267,274.28427124746213
DStarLite,8,22,incremental,2.29865300207166,267,273.870057685089
DStarLite,8,23,incremental,1.2987209993298166,266,272.4558441227159
DStarLite,8,24,incremental,1.8412600002193358,265,271.4558441227159
DStarLite,8,25,incremental,1.8002290016738698,265,271.0416305603428
DStarLite,8,26,incremental,1.4121479980531149,264,270.0416305603428
DStarLite,8,27,incremental,1.3410020001174416,263,269.0416305603428
DStarLite,8,28,incremental,1.3635930008604191,262,268.0416305603428
DStarLite,8,29,incremental,1.274111000384437,261,267.04163056034275
DStarLite,8,30,incremental,1.2316770007601008,260,266.04163056034275
DStarLite,8,31,incremental,1.253597998584155,259,265.04163056034275
DStarLite,8,32,incremental,1.3790599987260066,258,264.0416305603427
DStarLite,8,33,incremental,1.2429840026015881,257,263.0416305603427
DStarLite,8,34,incremental,1.2352240009931847,256,262.0416305603427
DStarLite,8,35,incremental,1.2497659990913235,255,261.0416305603427
DStarLite,8,36,incremental,1.20551999862073,254,260.0416305603427
DStarLite,8,37,incremental,1.1889820016222075,253,259.04163056034264
DStarLite,8,38,incremental,1.170321000245167,252,258.04163056034264
DStarLite,8,39,incremental,1.1961609998252243,251,257.04163056034264
DStarLite,8,40,incremental,1.3138569993316196,250,256.04163056034264
DStarLite,8,41,incremental,1.133442001446383,249,255.04163056034264
DStarLite,8,42,incremental,1.2041080008202698,248,254.04163056034264
DStarLite,8,43,incremental,1.15442399692256,247,253.04163056034264
DStarLite,8,44,incremental,1.1736689993995242,246,252.04163056034264
DStarLite,8,45,incremental,1.1169069985044189,245,251.04163056034264
DStarLite,8,46,incremental,1.1754850020224694,244,250.04163056034264
DStarLite,8,47,incremental,1.0927729999821167,243,249.04163056034264
DStarLite,8,48,incremental,1.2569329992402345,242,248.04163056034264
DStarLite,8,49,incremental,1.254204002179904,241,247.04163056034264
DStarLite,8,50,incremental,1.182742002129089,240,246.04163056034264
DStarLite,8,51,incremental,1.136659997428069,239,245.04163056034264
DStarLite,8,52,incremental,1.095780997275142,238,244.04163056034264
DStarLite,8,53,incremental,1.1236690006626304,237,243.04163056034264
DStarLite,8,54,incremental,1.099475997762056,236,242.04163056034264
DStarLite,8,55,incremental,1.1779619999288116,235,241.04163056034264
DStarLite,8,56,incremental,1.167645001260098,234,240.04163056034264
DStarLite,8,57,incremental,1.10870099888416,233,239.04163056034264
DStarLite,8,58,incremental,1.2171279995527584,232,238.04163056034264
DStarLite,8,59,incremental,1.1765939998440444,231,237.04163056034264
DStarLite,8,60,incremental,1.290733001951594,230,236.04163056034264
DStarLite,8,61,incremental,1.1927859995921608,229,235.04163056034264
DStarLite,8,62,incremental,1.1541059975570533,228,234.04163056034264
DStarLite,8,63,incremental,1.0825909994309768,227,233.04163056034264
DStarLite,8,64,incremental,1.1361850010871422,226,232.04163056034264
DStarLite,8,65,incremental,1.2313089973758906,225,231.04163056034264
DStarLite,8,66,incremental,1.2284190015634522,224,230.04163056034264
DStarLite,8,67,incremental,1.1730949991033413,223,229.04163056034264
DStarLite,8,68,incremental,1.0213950008619577,222,228.04163056034264
DStarLite,8,69,incremental,1.0775560003821738,221,227.04163056034264
DStarLite,8,70,incremental,1.0146890017495025,220,226.04163056034264
DStarLite,8,71,incremental,1.0381440006312914,219,225.04163056034264
DStarLite,8,72,incremental,0.9888399981718976,218,224.04163056034264
DStarLite,8,73,incremental,1.0226880003756378,217,223.04163056034264
DStarLite,8,74,incremental,1.1189450015081093,216,222.04163056034264
DStarLite,8,75,incremental,1.1207289971935097,215,221.04163056034264
DStarLite,8,76,incremental,0.9961110008589458,214,220.04163056034264
DStarLite,8,77,incremental,1.014829998894129,213,219.04163056034264
DStarLite,8,78,incremental,1.0214370013272855,212,218.04163056034264
DStarLite,8,79,incremental,1.073888000973966,211,217.04163056034264
DStarLite,8,80,incremental,1.090128000214463,210,216.04163056034264
DStarLite,8,81,incremental,1.5545450005447492,209,215.04163056034264
DStarLite,8,82,incremental,1.3925329985795543,208,214.04163056034264
DStarLite,8,83,incremental,1.2816359994758386,207,213.04163056034264
DStarLite,8,84,incremental,1.0307509983249474,206,212.04163056034264
DStarLite,8,85,incremental,1.0131650014955085,205,211.04163056034264
DStarLite,8,86,incremental,0.97345399990445,204,210.04163056034264
DStarLite,8,87,incremental,1.0092390002682805,203,209.04163056034264
DStarLite,8,88,incremental,0.9775509970495477,202,208.04163056034264
DStarLite,8,89,incremental,0.9443839990126435,201,207.04163056034264
DStarLite,8,90,incremental,0.9487399984209333,200,206.04163056034264
DStarLite,8,91,incremental,0.9291540009144228,199,205.04163056034264
DStarLite,8,92,incremental,0.9254319993488025,198,204.04163056034264
DStarLite,8,93,incremental,0.9199679989251308,197,203.04163056034264
DStarLite,8,94,incremental,0.9199090018228162,196,202.04163056034264
DStarLite,8,95,incremental,0.929607998841675,195,201.04163056034264
DStarLite,8,96,incremental,0.8994630006782245,194,200.04163056034264
DStarLite,8,97,incremental,0.914624997676583,193,199.04163056034264
DStarLite,8,98,incremental,0.9596820018487051,192,198.04163056034264
DStarLite,8,99,incremental,0.944056999287568,191,197.04163056034264
DStarLite,8,100,incremental,0.9173019971058238,190,196.04163056034264
DStarLite,8,101,incremental,0.8734340008231811,189,195.04163056034264
DStarLite,8,102,incremental,0.9289980007451959,188,194.04163056034264
DStarLite,8,103,incremental,0.955766998231411,187,193.04163056034264
DStarLite,8,104,incremental,0.9702679999463726,186,192.04163056034264
DStarLite,8,105,incremental,1.269652999326354,185,191.04163056034264
DStarLite,8,106,incremental,0.9426120013813488,184,190.04163056034264
DStarLite,8,107,incremental,0.9138450004684273,183,189.04163056034264
DStarLite,8,108,incremental,0.870126998052001,182,188.04163056034264
DStarLite,8,109,incremental,0.9354829999210779,181,187.04163056034264
DStarLite,8,110,incremental,0.8960740015027113,180,186.04163056034264
DStarLite,8,111,incremental,1.0620169996400364,179,185.04163056034264
DStarLite,8,112,incremental,0.9831400020630099,178,184.04163056034264
DStarLite,8,113,incremental,1.0888680008065421,177,183.04163056034264
DStarLite,8,114,incremental,0.9307470027124509,176,182.04163056034264
DStarLite,8,115,incremental,1.3232739984232467,175,181.04163056034264
DStarLite,8,116,incremental,0.9852849980234168,174,180.04163056034264
DStarLite,8,117,incremental,0.9155879997706506,173,179.04163056034264
DStarLite,8,118,incremental,0.8891840006981511,172,178.04163056034264
DStarLite,8,119,incremental,0.947604999964824,171,177.04163056034264
DStarLite,8,120,incremental,0.8764170015638229,170,176.04163056034264
DStarLite,8,121,incremental,1.0144679981749505,169,175.04163056034264
DStarLite,8,122,incremental,0.9795339974516537,168,174.04163056034267
DStarLite,8,123,incremental,1.077778997569112,167,173.04163056034267
DStarLite,8,124,incremental,0.8737639982427936,166,172.04163056034267
DStarLite,8,125,incremental,0.8998889970825985,165,171.04163056034267
DStarLite,8,126,incremental,0.7640129988430999,164,170.04163056034267
DStarLite,8,127,incremental,0.8225890014728066,163,169.04163056034267
DStarLite,8,128,incremental,0.7374570013780612,162,168.04163056034267
DStarLite,8,129,incremental,0.7698190020164475,161,167.04163056034267
DStarLite,8,130,incremental,0.7626149999850895,160,166.0416305603427
DStarLite,8,131,incremental,0.7549619986093603,159,165.0416305603427
DStarLite,8,132,incremental,0.7751970006211195,158,164.0416305603427
DStarLite,8,133,incremental,0.7641640004294459,157,163.0416305603427
DStarLite,8,134,incremental,0.7503809974878095,156,162.0416305603427
DStarLite,8,135,incremental,0.7159199994930532,155,161.0416305603427
DStarLite,8,136,incremental,0.6989450012042653,154,160.0416305603427
DStarLite,8,137,incremental,0.7118930006981827,153,159.0416305603427
DStarLite,8,138,incremental,0.7882319987402298,152,158.0416305603427
DStarLite,8,139,incremental,0.8947049973357935,151,157.0416305603427
DStarLite,8,140,incremental,0.7219840008474421,150,156.0416305603427
DStarLite,8,141,incremental,0.7923510020191316,149,155.0416305603427
DStarLite,8,142,incremental,0.7071330001053866,148,154.0416305603427
DStarLite,8,143,incremental,0.7208919996628538,147,153.0416305603427
DStarLite,8,144,incremental,0.6789270009903703,146,152.0416305603427
DStarLite,8,145,incremental,0.6933090007805731,145,151.0416305603427
DStarLite,8,146,incremental,0.7329209984163754,144,150.0416305603427
DStarLite,8,147,incremental,0.7008749998931307,143,149.0416305603427
DStarLite,8,148,incremental,0.7486169997719117,142,148.0416305603427
DStarLite,8,149,incremental,0.7590750028612092,141,147.0416305603427
DStarLite,8,150,incremental,0.7018690012046136,140,146.0416305603427
DStarLite,8,151,incremental,0.6931300013093278,139,145.0416305603427
DStarLite,8,152,incremental,0.7646039994142484,138,144.0416305603427
DStarLite,8,153,incremental,0.6801149975217413,137,142.6274169979696
DStarLite,8,154,incremental,0.6411039976228494,137,142.6274169979696
DStarLite,8,155,incremental,0.6677380006294698,136,141.21320343559648
DStarLite,8,156,incremental,0.6863550006528385,135,139.7989898732234
DStarLite,8,157,incremental,0.6575379993591923,135,139.7989898732234
DStarLite,8,158,incremental,0.6521770010294858,134,138.3847763108503
DStarLite,8,159,incremental,0.7246969980769791,133,136.97056274847722
DStarLite,8,160,incremental,0.6788940008846112,133,136.97056274847722
DStarLite,8,161,incremental,0.6558479981322307,132,135.55634918610411
DStarLite,8,162,incremental,0.6173300025693607,131,134.142135623731
DStarLite,8,163,incremental,0.6353549979394302,131,134.142135623731
DStarLite,8,164,incremental,0.6656740006292239,130,132.7279220613579
DStarLite,8,165,incremental,0.6796310008212458,129,131.31370849898477
DStarLite,8,166,incremental,0.740480001695687,129,131.31370849898477
DStarLite,8,167,incremental,0.6462429992097896,128,129.89949493661166
DStarLite,8,168,incremental,0.61358400125755,127,128.48528137423855
DStarLite,8,169,incremental,0.6085330023779534,126,127.48528137423855
DStarLite,8,170,incremental,0.5854590017406736,125,126.48528137423855
DStarLite,8,171,incremental,0.6362519998219796,124,125.48528137423855
DStarLite,8,172,incremental,0.5808850000903476,123,124.48528137423855
DStarLite,8,173,incremental,0.6172730027174111,122,123.48528137423855
DStarLite,8,174,incremental,0.6207620026543736,121,122.48528137423855
DStarLite,8,175,incremental,0.5624119985441212,120,121.48528137423855
DStarLite,8,176,incremental,0.5863270016561728,119,120.48528137423855
DStarLite,8,177,incremental,0.5932639978709631,118,119.48528137423855
DStarLite,8,178,incremental,0.5755599995609373,117,118.48528137423855
DStarLite,8,179,incremental,0.5433380028989632,116,117.48528137423855
DStarLite,8,180,incremental,0.5559410019486677,115,116.48528137423855
DStarLite,8,181,incremental,0.5472279990499374,114,115.48528137423855
DStarLite,8,182,incremental,0.561306002055062,113,114.48528137423855
DStarLite,8,183,incremental,0.5614379988401197,112,113.48528137423855
DStarLite,8,184,incremental,0.5585519975284114,111,112.48528137423855
DStarLite,8,185,incremental,0.5769009985669982,110,111.48528137423855
DStarLite,8,186,incremental,0.5426650022855029,109,110.48528137423855
DStarLite,8,187,incremental,0.513609000336146,108,109.48528137423855
DStarLite,8,188,incremental,0.5095170017739292,107,108.48528137423855
DStarLite,8,189,incremental,0.5268960012472235,106,107.48528137423855
DStarLite,8,190,incremental,0.5162460001884028,105,106.48528137423855
DStarLite,8,191,incremental,0.5262899976514746,104,105.48528137423855
DStarLite,8,192,incremental,0.5066569974587765,103,104.48528137423855
DStarLite,8,193,incremental,0.48682100168662146,102,103.48528137423855
DStarLite,8,194,incremental,0.6408709996321704,101,102.48528137423855
DStarLite,8,195,incremental,0.5673859996022657,100,101.48528137423855
DStarLite,8,196,incremental,0.5070769984740764,99,100.48528137423855
DStarLite,8,197,incremental,0.5253729977994226,98,99.48528137423855
DStarLite,8,198,incremental,0.476316999993287,97,98.48528137423855
DStarLite,8,199,incremental,0.5023890007578302,96,97.48528137423855
DStarLite,9,0,full_init,357.45225099890376,281,301.5391052434012
DStarLite,9,1,incremental,1.3883240026189014,281,301.5391052434012
DStarLite,9,2,incremental,1.2886080003227107,280,300.5391052434012
DStarLite,9,3,incremental,1.2812099994334858,279,299.53910524340114
DStarLite,9,4,incremental,1.2792220004484989,278,298.53910524340114
DStarLite,9,5,incremental,1.3401699980022386,277,297.53910524340114
DStarLite,9,6,incremental,1.2813230023311917,276,296.5391052434011
DStarLite,9,7,incremental,1.8885190002038144,275,295.5391052434011
DStarLite,9,8,incremental,1.544112998089986,274,294.5391052434011
DStarLite,9,9,incremental,2.3759270006848965,273,293.5391052434011
DStarLite,9,10,incremental,1.8823240025085397,272,292.5391052434011
DStarLite,9,11,incremental,1.4161140024953056,271,291.5391052434011
DStarLite,9,12,incremental,1.448708000680199,270,290.5391052434011
DStarLite,9,13,incremental,1.2302139984967653,269,289.5391052434011
DStarLite,9,14,incremental,1.2095839992980473,268,288.539105243401
DStarLite,9,15,incremental,1.3582800020230934,267,287.539105243401
DStarLite,9,16,incremental,1.2680299987550825,266,286.539105243401
DStarLite,9,17,incremental,1.3651670014951378,265,285.53910524340097
DStarLite,9,18,incremental,1.2285630000405945,264,284.53910524340097
DStarLite,9,19,incremental,1.234983999893302,263,283.53910524340097
DStarLite,9,20,incremental,1.2104410016036127,262,282.53910524340097
DStarLite,9,21,incremental,1.183479998871917,261,281.53910524340097
DStarLite,9,22,incremental,1.1073610003222711,260,280.53910524340097
DStarLite,9,23,incremental,1.1301150007057004,259,279.53910524340097
DStarLite,9,24,incremental,1.4554990011674818,258,278.53910524340097
DStarLite,9,25,incremental,1.3283159969432745,257,277.5391052434009
DStarLite,9,26,incremental,1.3113679997331928,256,276.5391052434009
DStarLite,9,27,incremental,1.2904520008305553,255,275.5391052434009
DStarLite,9,28,incremental,1.1667910002870485,254,274.53910524340097
DStarLite,9,29,incremental,1.320088002103148,253,273.53910524340097
DStarLite,9,30,incremental,1.3481480018526781,252,272.53910524340097
DStarLite,9,31,incremental,1.1653159999696072,251,271.53910524340097
DStarLite,9,32,incremental,1.188282996736234,250,270.53910524340097
DStarLite,9,33,incremental,1.234676001331536,249,269.53910524340097
DStarLite,9,34,incremental,1.517798998975195,248,268.53910524340097
DStarLite,9,35,incremental,1.3104659992677625,247,267.53910524340097
DStarLite,9,36,incremental,1.2178920005680993,246,266.53910524340097
DStarLite,9,37,incremental,1.2138120000599883,245,265.53910524340097
DStarLite,9,38,incremental,1.324637996731326,244,264.53910524340097
DStarLite,9,39,incremental,1.4327450007840525,243,263.53910524340097
DStarLite,9,40,incremental,1.340341998002259,242,262.53910524340097
DStarLite,9,41,incremental,1.4827609993517399,241,261.53910524340097
DStarLite,9,42,incremental,1.2542139993456658,240,260.53910524340097
DStarLite,9,43,incremental,1.224573999934364,239,259.53910524340097
DStarLite,9,44,incremental,1.1914450005861,238,258.53910524340097
DStarLite,9,45,incremental,1.2371740012895316,237,257.53910524340097
DStarLite,9,46,incremental,1.147595001384616,236,256.53910524340097
DStarLite,9,47,incremental,1.2082700013706926,235,255.53910524340097
DStarLite,9,48,incremental,1.200212998810457,234,254.53910524340097
DStarLite,9,49,incremental,1.2589750003826339,233,253.53910524340097
DStarLite,9,50,incremental,1.1420769988035318,232,252.53910524340097
DStarLite,9,51,incremental,1.1529639996297192,231,251.53910524340097
DStarLite,9,52,incremental,1.1244320012337994,230,250.53910524340097
DStarLite,9,53,incremental,1.1418420035624877,229,249.53910524340097
DStarLite,9,54,incremental,1.348352998320479,228,248.53910524340097
DStarLite,9,55,incremental,1.2378680003166664,227,247.539105243401
DStarLite,9,56,incremental,1.2158409990661312,226,246.539105243401
DStarLite,9,57,incremental,1.2494230031734332,225,245.539105243401
DStarLite,9,58,incremental,1.4487990010820795,224,244.53910524340102
DStarLite,9,59,incremental,1.0493020017747767,223,243.12489168102792
DStarLite,9,60,incremental,1.022299002215732,223,243.12489168102792
DStarLite,9,61,incremental,1.0675280027498957,222,241.7106781186548
DStarLite,9,62,incremental,1.0612929982016794,221,240.2964645562817
DStarLite,9,63,incremental,1.1084559992013965,221,240.2964645562817
DStarLite,9,64,incremental,1.0659879990271293,220,238.8822509939086
DStarLite,9,65,incremental,1.131848999648355,219,237.46803743153552
DStarLite,9,66,incremental,1.1275090000708587,219,237.46803743153552
DStarLite,9,67,incremental,1.8759770027827471,218,236.05382386916244
DStarLite,9,68,incremental,1.3086660001135897,217,234.63961030678934
DStarLite,9,69,incremental,1.4449189984588884,217,234.63961030678934
DStarLite,9,70,incremental,1.1584690000745468,216,233.22539674441623
DStarLite,9,71,incremental,1.0916430001088884,215,231.81118318204312
DStarLite,9,72,incremental,1.2282210009288974,215,231.81118318204312
DStarLite,9,73,incremental,1.1166900003445335,214,230.39696961967005
DStarLite,9,74,incremental,1.078575001884019,213,228.98275605729697
DStarLite,9,75,incremental,1.0559259972069412,213,228.98275605729697
DStarLite,9,76,incremental,1.0867609998967964,212,227.56854249492386
DStarLite,9,77,incremental,1.2164649997430388,211,226.15432893255075
DStarLite,9,78,incremental,1.1284380016149953,211,226.15432893255075
DStarLite,9,79,incremental,1.0946160000457894,210,224.74011537017765
DStarLite,9,80,incremental,1.1409429971536156,209,223.32590180780454
DStarLite,9,81,incremental,1.1168979981448501,209,223.32590180780454
DStarLite,9,82,incremental,1.0684430017136037,208,221.9116882454314
DStarLite,9,83,incremental,1.0565209995547775,207,220.4974746830583
DStarLite,9,84,incremental,1.1845999979414046,207,220.4974746830583
DStarLite,9,85,incremental,1.313459000812145,206,219.0832611206852
DStarLite,9,86,incremental,1.3002480009163264,205,217.6690475583121
DStarLite,9,87,incremental,1.5592970012221485,205,217.6690475583121
DStarLite,9,88,incremental,1.335951001237845,204,216.25483399593898
DStarLite,9,89,incremental,0.980812001216691,203,214.84062043356587
DStarLite,9,90,incremental,0.9955030000128318,203,214.84062043356587
DStarLite,9,91,incremental,0.9570309994160198,202,213.4264068711928
DStarLite,9,92,incremental,1.0296460022800602,201,212.0121933088197
DStarLite,9,93,incremental,0.9911250017466955,201,212.0121933088197
DStarLite,9,94,incremental,1.0009369980252814,200,210.59797974644658
DStarLite,9,95,incremental,0.9757830011949409,199,209.18376618407348
DStarLite,9,96,incremental,0.970899000094505,199,209.18376618407348
DStarLite,9,97,incremental,0.9798690007301047,198,207.7695526217004
DStarLite,9,98,incremental,0.9498450017417781,197,206.7695526217004
DStarLite,9,99,incremental,0.9542590014461894,196,205.7695526217004
DStarLite,9,100,incremental,0.9053289977600798,195,204.7695526217004
DStarLite,9,101,incremental,1.0027479984273668,194,203.76955262170043
DStarLite,9,102,incremental,0.9864720013865735,193,202.76955262170043
DStarLite,9,103,incremental,0.9957059992302675,192,201.76955262170043
DStarLite,9,104,incremental,1.0049180018540937,191,200.76955262170043
DStarLite,9,105,incremental,0.9555789984005969,190,199.76955262170043
DStarLite,9,106,incremental,0.9816909987421241,189,198.76955262170043
DStarLite,9,107,incremental,0.993619003565982,188,197.76955262170043
DStarLite,9,108,incremental,1.3231090015324298,187,196.76955262170043
DStarLite,9,109,incremental,1.069314999767812,186,195.76955262170043
DStarLite,9,110,incremental,0.9835969976847991,185,194.76955262170043
DStarLite,9,111,incremental,1.0328089992981404,184,193.76955262170043
DStarLite,9,112,incremental,0.9546510009386111,183,192.76955262170043
DStarLite,9,113,incremental,0.951874000747921,182,191.76955262170043
DStarLite,9,114,incremental,0.9071069980564062,181,190.76955262170043
DStarLite,9,115,incremental,0.9127690027526114,180,189.76955262170043
DStarLite,9,116,incremental,1.0401270010333974,179,188.76955262170043
DStarLite,9,117,incremental,1.0986339984810911,178,187.76955262170043
DStarLite,9,118,incremental,0.9660610012360848,177,186.76955262170043
DStarLite,9,119,incremental,1.047316000040155,176,185.76955262170043
DStarLite,9,120,incremental,1.7499620007583871,175,184.76955262170043
DStarLite,9,121,incremental,0.9212490003847051,174,183.76955262170046
DStarLite,9,122,incremental,1.2462939994293265,173,182.76955262170046
DStarLite,9,123,incremental,0.8919579995563254,172,181.76955262170046
DStarLite,9,124,incremental,0.8628899995528627,171,180.76955262170046
DStarLite,9,125,incremental,0.8017489999474492,170,179.76955262170046
DStarLite,9,126,incremental,0.7809689996065572,169,178.76955262170046
DStarLite,9,127,incremental,0.9677170019131154,168,177.76955262170046
DStarLite,9,128,incremental,0.863525001477683,167,176.76955262170046
DStarLite,9,129,incremental,1.0496530012460425,166,175.76955262170046
DStarLite,9,130,incremental,0.8153449998644646,165,174.76955262170046
DStarLite,9,131,incremental,0.7818789999873843,164,173.76955262170046
DStarLite,9,132,incremental,0.7570530033262912,163,172.35533905932738
DStarLite,9,133,incremental,0.800457000877941,163,172.35533905932738
DStarLite,9,134,incremental,0.8007070027815644,162,170.94112549695427
DStarLite,9,135,incremental,0.7729989993094932,161,169.52691193458116
DStarLite,9,136,incremental,0.7757050007057842,161,169.52691193458116
DStarLite,9,137,incremental,0.7545590015070047,160,168.11269837220806
DStarLite,9,138,incremental,0.7659610018890817,159,166.69848480983498
DStarLite,9,139,incremental,0.7905780003056861,159,166.69848480983498
DStarLite,9,140,incremental,0.8293360006064177,158,165.28427124746187
DStarLite,9,141,incremental,0.783298000897048,157,163.8700576850888
DStarLite,9,142,incremental,0.7502199987357017,157,163.8700576850888
DStarLite,9,143,incremental,0.8038259984459728,156,162.4558441227157
DStarLite,9,144,incremental,0.7649430008314084,155,161.04163056034258
DStarLite,9,145,incremental,0.7363090007856954,155,161.04163056034258
DStarLite,9,146,incremental,0.7223549982882105,154,159.6274169979695
DStarLite,9,147,incremental,0.7081180010573007,153,158.2132034355964
DStarLite,9,148,incremental,0.7286000000021886,153,158.2132034355964
DStarLite,9,149,incremental,0.7449539989465848,152,156.79898987322332
DStarLite,9,150,incremental,0.7195300022431184,151,155.3847763108502
DStarLite,9,151,incremental,0.7440240005962551,151,155.3847763108502
DStarLite,9,152,incremental,0.7340070005739108,150,153.9705627484771
DStarLite,9,153,incremental,0.8105080014502164,149,152.55634918610403
DStarLite,9,154,incremental,0.7754549988021608,149,152.55634918610403
DStarLite,9,155,incremental,0.683403999573784,148,151.14213562373092
DStarLite,9,156,incremental,0.6823479998274706,147,149.72792206135784
DStarLite,9,157,incremental,0.7257690012920648,146,148.72792206135784
DStarLite,9,158,incremental,0.6977349985390902,145,147.72792206135784
DStarLite,9,159,incremental,0.8246010002039839,144,146.72792206135784
DStarLite,9,160,incremental,0.963578000664711,143,145.72792206135784
DStarLite,9,161,incremental,0.882403997820802,142,144.72792206135784
DStarLite,9,162,incremental,0.8076369995251298,141,143.72792206135784
DStarLite,9,163,incremental,0.719625000783708,140,142.72792206135784
DStarLite,9,164,incremental,0.6809139995311853,139,141.72792206135784
DStarLite,9,165,incremental,0.70082700040075,138,140.72792206135784
DStarLite,9,166,incremental,0.6954390009923372,137,139.72792206135784
DStarLite,9,167,incremental,0.7903779987827875,136,138.72792206135784
DStarLite,9,168,incremental,0.7191229997260962,135,137.72792206135784
DStarLite,9,169,incremental,0.8046250004554167,134,136.72792206135784
DStarLite,9,170,incremental,0.721832002454903,133,135.72792206135784
DStarLite,9,171,incremental,0.7315250004467089,132,134.72792206135784
DStarLite,9,172,incremental,0.7222780004667584,131,133.72792206135784
DStarLite,9,173,incremental,0.6959899983485229,130,132.72792206135784
DStarLite,9,174,incremental,0.7050389976939186,129,131.72792206135784
DStarLite,9,175,incremental,0.694649999786634,128,130.72792206135784
DStarLite,9,176,incremental,0.6776840018574148,127,129.72792206135784
DStarLite,9,177,incremental,0.6805999983043876,126,128.72792206135784
DStarLite,9,178,incremental,0.6812730025558267,125,127.72792206135784
DStarLite,9,179,incremental,0.7009349974396173,124,126.72792206135784
DStarLite,9,180,incremental,0.6476089984062128,123,125.72792206135784
DStarLite,9,181,incremental,0.6575799998245202,122,124.72792206135784
DStarLite,9,182,incremental,0.6725109997205436,121,123.72792206135784
DStarLite,9,183,incremental,0.6320400025288109,120,122.72792206135786
DStarLite,9,184,incremental,0.6735990027664229,119,121.72792206135786
DStarLite,9,185,incremental,0.6307019975793082,118,120.72792206135786
DStarLite,9,186,incremental,0.658921999274753,117,119.72792206135786
DStarLite,9,187,incremental,0.6511210012831725,116,118.72792206135786
DStarLite,9,188,incremental,0.6214290006028023,115,117.72792206135786
DStarLite,9,189,incremental,0.6279480003286153,114,116.72792206135786
DStarLite,9,190,incremental,0.6325889989966527,113,115.72792206135786
DStarLite,9,191,incremental,0.5934799992246553,112,114.72792206135786
DStarLite,9,192,incremental,2.6768370007630438,113,115.72792206135786
DStarLite,9,193,incremental,0.629067999398103,112,114.72792206135786
DStarLite,9,194,incremental,0.5982399998174515,111,113.31370849898477
DStarLite,9,195,incremental,0.6028139978297986,110,112.31370849898477
DStarLite,9,196,incremental,0.6204450000950601,109,111.31370849898477
DStarLite,9,197,incremental,0.9436969994567335,108,110.31370849898477
DStarLite,9,198,incremental,0.7573010007035919,107,109.31370849898477
DStarLite,9,199,incremental,0.6681719969492406,106,108.31370849898477
